家賃,間取り
4.0,ワンルーム
4.0,1K
6.3,2LDK
5.0,2DK
4.8,2DK
2.0,1K
3.5,1K
7.8,1LDK
5.9,1LDK
1.7,1K
6.3,3LDK
7.3,1LDK
6.5,2LDK
7.1,1LDK
4.0,1DK
3.0,1DK
8.1,1LDK
7.7,ワンルーム
5.2,1K
3.4,1DK
2.9,ワンルーム
4.1,2DK
2.8,ワンルーム
4.25,1K
2.8,1K
3.1,1K
5.9,1DK
3.0,1K
7.6,1LDK
4.0,1K
6.6,1K
7.6,1LDK
4.2,1K
3.6,2DK
11.2,2SLDK
4.0,1K
3.3,1K
5.6,1K
7.7,4LDK
3.5,1K
5.4,1K
4.7,3DK
6.5,1K
6.7,3LDK
4.6,ワンルーム
6.5,1K
6.2,1LDK
7.7,1LDK
6.4,1LDK
6.5,3DK
4.0,1DK
4.0,1K
6.3,1DK
8.2,3LDK
6.0,1K
3.2,1K
5.3,1K
4.8,1K
5.1,2K
3.3,1K
4.2,1K
1.5,1K
4.2,ワンルーム
6.8,2LDK
6.4,1LDK
4.1,ワンルーム
5.0,1DK
7.0,3LDK
5.4,1K
2.0,ワンルーム
2.1,1DK
3.2,1K
2.0,1DK
2.9,1K
2.8,1K
7.1,1LDK
2.8,1K
3.6,ワンルーム
3.7,1K
10.8,3LDK
12.0,2LDK
6.8,1LDK
15.7,3LDK
7.5,2DK
2.9,ワンルーム
2.7,1K
6.1,2K
1.7,ワンルーム
5.9,1DK
2.7,ワンルーム
4.9,1K
5.9,1DK
5.5,2LDK
6.6,1K
4.5,1K
2.9,ワンルーム
7.7,1K
8.8,1K
3.3,ワンルーム
6.6,1K
4.3,3DK
3.7,ワンルーム
3.9,1DK
4.0,ワンルーム
6.5,ワンルーム
17.8,4LDK
3.6,1K
5.9,3LDK
4.0,ワンルーム
5.8,ワンルーム
4.3,1K
6.9,1LDK
2.9,1K
2.1,ワンルーム
6.7,1LDK
2.7,ワンルーム
6.0,1LDK
3.0,ワンルーム
4.3,1K
4.1,1DK
7.6,1LDK
3.4,1K
3.5,1K
5.2,1K
2.5,1K
6.4,1K
4.3,ワンルーム
3.8,1K
5.7,1LDK
8.0,3LDK
7.0,1LDK
2.8,1K
15.1,3LDK
3.4,1K
3.0,1DK
2.0,1K
3.0,1K
4.7,1K
7.0,1LDK
16.3,3LDK
3.7,ワンルーム
5.0,1DK
2.5,ワンルーム
6.6,1LDK
8.1,1LDK
7.5,1LDK
2.0,1K
6.5,1K
7.6,2DK
3.2,1K
5.2,2LDK
6.0,1LDK
5.5,1K
3.1,1K
4.0,ワンルーム
5.9,1K
6.6,1LDK
4.5,1K
8.1,1K
6.9,1DK
2.3,1K
5.5,1LDK
7.5,1DK
7.6,2LDK
8.1,ワンルーム
6.3,1LDK
6.8,ワンルーム
5.5,1LDK
4.5,1DK
3.2,1K
2.8,1K
3.0,ワンルーム
7.1,1LDK
3.8,ワンルーム
7.2,3LDK
2.7,1K
3.4,1K
2.3,1K
4.8,1DK
3.3,ワンルーム
4.1,1LDK
6.6,1K
4.0,1K
3.9,ワンルーム
4.5,ワンルーム
5.7,2DK
7.5,3LDK
3.65,2DK
5.8,3DK
4.0,1K
7.3,ワンルーム
3.8,ワンルーム
3.5,1K
2.3,ワンルーム
4.5,3DK
3.2,1K
6.7,1LDK
4.0,1K
4.9,2DK
3.7,1K
7.9,1K
2.9,1K
5.0,1K
4.0,1K
3.2,1K
3.7,1K
3.7,ワンルーム
5.8,1LDK
4.2,1K
6.5,1K
3.1,1DK
4.8,1K
3.3,1K
8.5,2K
4.5,3DK
4.6,ワンルーム
3.7,1K
2.6,ワンルーム
2.9,ワンルーム
3.6,1K
5.5,3LDK
5.6,2K
3.3,1K
5.8,1LDK
7.8,1LDK
6.5,1LDK
6.1,1LDK
6.5,ワンルーム
2.95,1K
5.6,1K
4.7,1K
6.2,1K
3.0,1K
6.4,1K
2.5,1K
6.3,ワンルーム
4.2,2DK
6.6,1K
4.7,1DK
3.4,1K
15.3,1LDK
10.1,ワンルーム
4.2,1K
4.3,1K
1.5,1K
3.8,ワンルーム
6.3,1K
7.5,ワンルーム
3.5,ワンルーム
5.7,1LDK
5.8,1LDK
4.5,ワンルーム
2.3,1K
3.0,1K
5.7,1LDK
6.7,2LDK
2.8,ワンルーム
6.1,ワンルーム
4.6,1K
6.0,2LDK
7.4,1LDK
4.7,ワンルーム
3.0,1K
3.1,ワンルーム
2.6,1K
24.6,3LDK
2.3,1K
5.9,1LDK
7.5,ワンルーム
4.4,2DK
7.3,1LDK
2.2,1K
3.9,1K
2.9,ワンルーム
6.0,2LDK
3.0,ワンルーム
3.9,ワンルーム
5.0,ワンルーム
2.7,ワンルーム
5.9,2LDK
6.4,1K
6.05,1DK
3.7,ワンルーム
7.4,ワンルーム
9.0,2LDK
5.3,1K
4.7,ワンルーム
6.4,1K
4.8,ワンルーム
6.4,1LDK
4.1,1K
4.9,ワンルーム
2.5,ワンルーム
4.2,1K
6.2,1LDK
7.7,ワンルーム
3.0,1K
4.2,ワンルーム
2.9,1K
3.9,1DK
3.9,1K
2.9,1K
4.0,ワンルーム
5.5,1K
2.9,ワンルーム
5.0,3DK
5.2,ワンルーム
5.0,1K
6.5,3DK
6.5,2LDK
8.9,4LDK
5.3,1K
5.7,1K
5.5,1K
4.9,ワンルーム
5.3,1K
5.8,ワンルーム
3.8,1K
45.0,2LDK
4.95,1DK
7.4,1LDK
13.2,3SLDK
3.5,ワンルーム
5.3,2DK
32.0,4LDK
4.4,1K
5.5,2LDK
2.6,1K
3.6,1K
6.0,1K
10.0,2LDK
3.7,1K
2.7,ワンルーム
5.0,1K
6.8,1DK
2.8,ワンルーム
4.6,2K
3.4,1K
3.2,ワンルーム
6.0,1LDK
8.0,2LDK
3.6,1DK
2.5,1K
4.5,1K
7.5,2K
2.5,1K
3.8,1K
4.1,1DK
3.7,ワンルーム
2.8,ワンルーム
2.1,ワンルーム
2.0,1K
4.1,1K
4.5,1K
2.1,1K
3.4,1LDK
2.6,1SK
6.8,1DK
7.3,ワンルーム
3.2,1K
4.3,1K
8.3,1LDK
3.5,1K
6.1,1LDK
6.4,ワンルーム
3.6,1K
3.0,ワンルーム
3.6,1K
3.8,ワンルーム
5.8,1K
4.3,1K
6.0,1LDK
5.3,1K
6.7,1K
4.1,1K
8.2,3LDK
6.6,2DK
3.5,2LDK
3.2,1K
2.6,ワンルーム
4.0,1K
6.3,1LDK
6.65,1K
2.1,1K
5.7,ワンルーム
6.5,1LDK
7.5,1LDK
4.5,1K
5.3,1K
3.3,1DK
4.3,ワンルーム
5.5,1K
2.7,ワンルーム
5.5,1LDK
3.7,1K
3.4,1K
4.85,1K
3.6,1K
6.4,2LDK
4.5,ワンルーム
3.6,1DK
2.5,1DK
5.8,ワンルーム
4.5,1K
4.6,ワンルーム
6.3,1K
4.7,1K
5.1,1K
2.9,ワンルーム
4.2,1DK
14.6,1LDK
6.3,1K
3.2,ワンルーム
7.5,1LDK
2.8,1K
5.8,1LDK
8.3,ワンルーム
9.0,1K
4.5,1DK
3.5,ワンルーム
3.2,1DK
6.0,1LDK
6.5,3DK
6.0,1DK
4.5,ワンルーム
10.0,4LDK
3.7,1K
2.5,1K
5.4,1DK
3.7,1K
3.7,1DK
11.5,2SLDK
6.1,1K
6.3,1LDK
1.8,1K
12.4,1LDK
5.0,1DK
2.8,1K
3.5,1DK
3.5,2DK
3.8,1DK
4.0,1K
4.0,ワンルーム
6.4,1K
4.5,ワンルーム
4.8,1K
5.2,2LDK
6.3,2K
2.5,1K
4.0,1K
3.2,1K
5.8,1LDK
3.8,1K
3.4,ワンルーム
6.5,3LDK
5.7,1DK
6.5,2DK
4.3,ワンルーム
7.0,1LDK
4.6,1K
4.2,ワンルーム
3.6,ワンルーム
4.5,ワンルーム
11.0,3DK
4.0,1K
5.1,1K
4.0,2DK
8.0,3LDK
4.3,1K
3.4,ワンルーム
4.0,1DK
7.8,1LDK
2.8,ワンルーム
2.5,1K
5.3,ワンルーム
3.9,ワンルーム
3.8,1DK
2.0,1K
3.1,1K
3.8,1K
2.3,1K
4.9,1K
2.8,1K
6.0,1DK
10.5,ワンルーム
4.2,1LDK
10.9,2SLDK
5.8,1K
7.3,2LDK
2.4,1K
3.2,1K
3.6,2DK
3.5,1DK
5.5,2DK
4.0,1K
6.7,1K
7.5,1LDK
6.2,2LDK
5.5,1K
4.3,1K
7.5,1LDK
5.0,1DK
3.0,1K
2.9,1K
9.9,3LDK
4.65,1K
6.0,1K
3.0,1K
3.5,1K
2.6,ワンルーム
5.0,ワンルーム
5.5,2DK
6.6,1LDK
2.7,ワンルーム
4.0,ワンルーム
3.7,1LDK
4.5,1K
4.5,1K
5.9,1K
2.8,ワンルーム
3.2,1K
4.75,1LDK
5.7,2K
6.4,ワンルーム
2.6,ワンルーム
4.0,1K
4.4,ワンルーム
3.3,ワンルーム
6.0,ワンルーム
9.5,3LDK
6.5,1K
6.5,1DK
5.7,1K
5.7,1K
5.5,1LDK
6.4,1LDK
4.4,1K
4.0,1K
15.9,2LDK
15.7,3LDK
8.5,3LDK
4.5,2LDK
4.2,ワンルーム
4.8,1K
4.85,ワンルーム
12.7,3LDK
9.3,1LDK
3.8,ワンルーム
5.3,1K
6.1,1K
4.7,1K
13.5,3LDK
6.1,1LDK
3.8,1K
6.3,1LDK
5.7,1LDK
8.4,1LDK
5.2,2LDK
5.2,1K
7.3,ワンルーム
4.0,1LDK
6.2,3DK
4.0,1K
5.5,1K
2.6,1K
7.0,1LDK
5.8,3DK
6.7,2LDK
6.2,1LDK
4.9,ワンルーム
8.9,1LDK
4.0,1K
3.5,2DK
7.6,2LDK
7.2,ワンルーム
3.5,1K
4.7,1DK
6.2,1DK
7.9,2LDK
5.2,1K
6.9,1LDK
5.6,ワンルーム
5.6,2DK
11.0,3LDK
5.7,1DK
3.3,1K
4.1,1K
9.5,3LDK
5.2,1LDK
6.3,2K
2.5,1K
4.7,2DK
2.4,1K
8.2,1LDK
4.6,1K
3.5,2DK
12.0,3LDK
5.7,1K
3.5,1DK
4.6,1K
6.6,1LDK
3.7,1K
4.9,1K
7.5,2DK
6.0,2DK
6.1,1K
2.8,1K
6.2,2LDK
5.9,3DK
5.2,ワンルーム
2.0,1K
2.0,1K
4.3,1K
6.2,ワンルーム
6.5,2DK
2.0,1K
3.9,1K
5.5,1K
3.8,1K
5.6,1K
3.2,1K
4.0,2LDK
3.3,1DK
6.4,ワンルーム
5.8,1K
6.2,1K
4.0,1K
2.8,1K
2.7,1K
7.1,1LDK
2.9,ワンルーム
4.2,1K
5.8,1LDK
9.7,1LDK
3.5,1K
6.2,1LDK
3.5,1K
6.4,1K
5.7,1K
5.9,2LDK
7.8,1K
6.0,1K
3.4,ワンルーム
4.9,2K
12.4,1LDK
8.5,1K
10.9,4SLDK
5.7,ワンルーム
4.0,1K
3.3,ワンルーム
2.8,ワンルーム
3.0,1DK
9.65,2DK
3.8,2DK
5.28,ワンルーム
3.5,ワンルーム
4.0,1K
4.0,1K
7.6,1LDK
3.8,1DK
6.8,ワンルーム
3.5,1DK
4.8,1K
5.7,1K
4.9,1K
6.6,1K
6.2,3LDK
11.0,3DK
3.2,1K
7.2,2LDK
4.3,1K
3.3,1DK
8.2,1SLDK
3.0,1K
7.5,1LDK
4.8,1K
4.7,1DK
8.1,1DK
5.3,1K
2.8,1K
2.8,ワンルーム
6.5,2DK
7.1,1LDK
5.4,1K
7.2,2LDK
4.9,2DK
5.65,2DK
8.2,2DK
3.2,1K
6.8,1LDK
4.2,1K
4.8,1DK
4.7,3DK
4.25,1K
4.5,1K
3.2,1K
5.0,3LDK
4.0,1K
12.3,3LDK
4.5,ワンルーム
9.7,4LDK
6.3,2K
6.0,2LDK
6.0,1K
5.3,3DK
4.0,1K
7.0,2DK
9.4,1K
9.8,2LDK
2.8,1K
3.8,2DK
2.6,ワンルーム
3.3,1K
2.7,1K
7.9,1DK
6.5,1LDK
3.9,1K
6.4,1K
8.4,1K
6.0,2LDK
3.2,1K
3.2,2DK
6.4,1LDK
3.6,1K
3.7,1K
1.5,ワンルーム
7.3,1LDK
3.5,1K
3.0,ワンルーム
3.3,1K
3.7,1K
3.7,ワンルーム
6.9,1LDK
4.7,1DK
3.0,1K
24.0,2LDK
4.4,2LDK
8.5,3LDK
3.5,1K
4.2,1K
2.5,ワンルーム
6.4,1K
3.9,1K
5.2,1K
5.4,1LDK
3.2,1DK
6.0,2DK
4.2,1K
4.1,1K
3.6,ワンルーム
7.9,3LDK
4.9,1K
3.2,1K
3.7,1K
7.55,2LDK
4.3,1K
3.5,1K
6.5,1DK
8.1,1LDK
3.6,1K
2.0,1K
2.8,1K
5.4,1DK
6.4,1K
4.5,2LDK
3.3,ワンルーム
2.5,ワンルーム
12.9,3SLDK
5.0,1K
6.4,1K
3.0,ワンルーム
3.8,2DK
6.7,1LDK
5.7,ワンルーム
7.0,2LDK
7.0,1LDK
2.7,1K
6.4,2K
7.8,1LDK
2.98,ワンルーム
3.0,1K
2.3,ワンルーム
7.2,1LDK
7.4,1LDK
4.1,1K
6.5,2LDK
7.6,1LDK
7.0,2LDK
6.5,1LDK
2.4,ワンルーム
5.7,1LDK
8.1,1LDK
4.2,1K
3.7,ワンルーム
4.5,2DK
2.5,ワンルーム
6.15,ワンルーム
6.8,1LDK
5.15,1K
3.7,1K
7.5,1LDK
6.8,1K
6.0,ワンルーム
3.0,1K
12.5,3LDK
3.1,ワンルーム
6.2,1K
3.6,1SK
4.6,1K
7.8,ワンルーム
4.0,1DK
5.8,1LDK
2.8,1DK
4.1,1DK
3.3,ワンルーム
5.2,1K
6.2,3DK
3.0,1K
6.5,1LDK
3.9,1K
20.0,3LDK
3.7,1K
6.6,1DK
6.8,2DK
3.0,1K
3.2,1K
6.0,1K
1.98,1K
3.5,1K
4.2,2K
9.6,1K
9.0,3LDK
8.0,ワンルーム
3.7,1DK
8.0,1LDK
8.2,3LDK
2.7,ワンルーム
3.3,ワンルーム
6.0,2LDK
4.4,1K
6.9,3LDK
13.0,1LDK
3.9,1K
5.5,1K
6.9,1K
4.3,ワンルーム
2.9,1K
6.0,1K
7.7,1LDK
6.3,1DK
5.5,1K
3.3,1K
6.6,1DK
4.6,1K
5.9,1K
2.4,ワンルーム
3.0,ワンルーム
2.5,1K
5.25,2K
5.05,1K
2.35,ワンルーム
5.5,1K
2.0,1K
2.3,ワンルーム
7.0,1LDK
2.1,1K
8.8,1LDK
3.9,ワンルーム
6.7,1LDK
6.7,1K
1.95,1K
4.4,1K
9.0,3LDK
5.9,ワンルーム
2.0,ワンルーム
3.4,1DK
3.8,1K
3.2,1K
3.4,ワンルーム
4.1,ワンルーム
8.3,1K
4.5,1K
3.2,ワンルーム
6.1,ワンルーム
5.5,ワンルーム
4.3,1K
39.5,3LDK
4.6,1DK
4.8,1LDK
3.3,1K
2.4,ワンルーム
2.8,1K
5.9,3DK
5.4,ワンルーム
2.8,1K
7.5,2LDK
4.0,1K
3.1,1K
3.4,1K
4.8,1LDK
3.7,1K
12.8,3LDK
6.5,2K
6.7,1K
3.2,1DK
8.9,1LDK
2.5,ワンルーム
2.8,ワンルーム
12.9,3SLDK
13.6,2LDK
7.6,2LDK
2.7,ワンルーム
5.9,1K
4.9,1K
3.1,1DK
7.5,1SLDK
3.2,ワンルーム
2.1,1K
2.8,ワンルーム
3.5,1K
6.8,3LDK
9.2,1LDK
6.0,2LDK
2.3,1DK
5.9,1LDK
7.3,3LDK
3.6,1K
6.1,1LDK
5.5,1K
7.5,2LDK
7.8,2LDK
6.6,1LDK
4.3,1K
6.4,1K
5.9,1LDK
3.1,1DK
7.0,1LDK
4.3,1K
5.3,1K
3.0,1K
4.0,ワンルーム
7.2,1LDK
5.3,1K
3.2,ワンルーム
6.9,1K
6.1,1K
3.4,1K
5.8,1K
2.8,1K
5.8,ワンルーム
1.5,ワンルーム
10.5,1LDK
8.2,3DK
3.2,ワンルーム
6.5,ワンルーム
7.3,1LDK
4.2,1K
3.9,1K
9.0,1LDK
6.2,3DK
6.1,ワンルーム
4.95,2DK
2.4,1K
4.7,1DK
7.9,2SLDK
3.5,1K
4.7,2DK
2.9,1K
7.9,ワンルーム
4.8,3LDK
2.5,1K
6.4,1LDK
3.2,ワンルーム
4.3,1K
5.9,1LDK
4.75,ワンルーム
7.6,1LDK
2.5,ワンルーム
7.6,1LDK
3.7,1K
2.2,1DK
3.5,1K
3.7,1K
15.0,3LDK
4.1,1K
3.0,1DK
2.7,1K
3.9,1K
5.9,2LDK
7.8,2LDK
9.0,2SLDK
2.6,1K
9.7,2LDK
19.0,3LDK
5.9,2LDK
7.9,1LDK
4.1,1K
4.6,2DK
3.3,1K
5.8,1K
4.2,1K
3.3,ワンルーム
5.0,2LDK
5.5,3DK
3.8,ワンルーム
3.7,1K
4.7,1DK
3.0,1DK
5.4,ワンルーム
6.5,1K
3.1,1K
3.8,ワンルーム
3.3,ワンルーム
7.3,1DK
6.1,2LDK
4.3,1K
3.9,1K
3.7,1K
8.1,ワンルーム
4.4,1K
4.0,ワンルーム
5.5,1K
5.9,1LDK
7.4,1K
3.9,ワンルーム
6.7,3LDK
1.8,ワンルーム
4.5,1K
4.2,1K
3.6,ワンルーム
1.9,ワンルーム
8.0,ワンルーム
6.3,1LDK
7.0,1LDK
2.8,1K
4.3,1K
9.1,1LDK
5.0,1DK
3.8,ワンルーム
4.4,1K
7.2,ワンルーム
5.5,1LDK
6.1,1K
10.2,ワンルーム
5.4,1LDK
3.6,1K
6.3,1LDK
2.5,ワンルーム
7.9,1LDK
4.6,2K
3.2,1K
2.8,1DK
3.2,ワンルーム
5.8,1LDK
14.1,1LDK
5.6,ワンルーム
4.5,1K
4.3,2DK
5.9,1LDK
5.0,1K
3.7,ワンルーム
1.9,1K
5.0,ワンルーム
6.5,2DK
3.4,ワンルーム
2.0,1K
5.9,1LDK
3.0,ワンルーム
6.4,2K
5.2,1K
4.4,1LDK
11.0,3LDK
14.5,3LDK
6.5,1LDK
9.0,3LDK
3.5,1LDK
3.2,1K
6.8,1LDK
6.6,ワンルーム
12.6,3LDK
4.6,1K
12.0,2LDK
5.5,1K
12.9,3SLDK
6.0,1DK
3.9,2LDK
2.4,2K
5.5,3SDK
6.2,2LDK
7.3,ワンルーム
8.5,2LDK
4.0,1K
4.9,2DK
6.2,2K
6.9,1DK
7.9,1DK
7.0,1LDK
6.1,1K
3.7,1K
6.6,1K
6.8,1K
6.5,1LDK
4.5,1K
3.3,1K
8.8,3LDK
3.9,1K
6.0,2DK
5.8,2DK
5.2,1K
4.5,1K
4.5,1DK
6.7,1K
6.4,1LDK
5.6,1LDK
27.5,2LDK
2.4,1K
4.8,1DK
3.5,1K
6.5,1LDK
5.0,3DK
7.7,ワンルーム
3.7,ワンルーム
3.0,ワンルーム
6.4,1DK
6.0,2LDK
5.9,2DK
2.2,1DK
2.0,1K
8.7,1LDK
3.3,1K
7.3,ワンルーム
6.8,1LDK
13.8,3LDK
3.2,1K
3.4,ワンルーム
2.7,ワンルーム
3.2,ワンルーム
3.8,1K
4.2,1K
2.7,1DK
3.6,1K
7.2,1LDK
3.0,ワンルーム
7.4,1K
9.0,3LDK
6.05,ワンルーム
7.5,3DK
6.2,1LDK
7.5,1LDK
7.7,1LDK
6.5,2LDK
3.2,1K
13.5,4LDK
4.8,2DK
3.7,ワンルーム
6.3,2LDK
5.0,1K
5.98,1LDK
6.3,1LDK
4.6,1K
9.2,1LDK
3.0,1K
7.3,1LDK
4.9,ワンルーム
4.8,1DK
5.9,1LDK
5.4,1K
6.5,3LDK
2.0,1K
3.6,3K
6.3,1SLDK
8.0,1LDK
4.5,ワンルーム
3.2,1K
6.6,1K
5.7,ワンルーム
4.8,2DK
7.0,3LDK
3.6,1K
7.2,1DK
5.2,1DK
4.3,1K
7.7,4LDK
4.3,2DK
4.7,ワンルーム
5.7,1LDK
4.7,2K
6.9,2LDK
2.5,1K
4.8,1K
3.0,1K
4.4,1K
3.2,1DK
6.6,2DK
5.0,2DK
3.6,1K
4.85,1K
6.4,1K
6.3,2LDK
5.5,2DK
8.1,1LDK
7.8,1K
2.3,1K
1.8,1K
6.3,1K
6.6,1LDK
3.5,1DK
7.7,1LDK
5.6,ワンルーム
11.0,4LDK
2.7,ワンルーム
4.5,1K
6.0,2LDK
2.7,1K
3.5,1K
4.5,2DK
3.1,1K
2.9,1K
3.2,1K
2.9,ワンルーム
6.5,1K
4.2,2DK
6.8,ワンルーム
4.5,1DK
3.5,1K
5.9,1K
5.0,1K
3.2,ワンルーム
6.2,1DK
4.2,ワンルーム
3.2,1K
7.3,1LDK
3.2,1K
7.6,1LDK
3.4,ワンルーム
6.3,ワンルーム
6.5,2LDK
2.3,1K
7.5,2LDK
11.0,3LDK
7.2,3LDK
4.0,1K
8.2,1DK
6.9,1LDK
6.8,3LDK
4.2,1SK
6.2,1DK
6.3,ワンルーム
6.5,1K
3.5,1DK
6.0,2DK
4.5,1DK
11.3,3LDK
4.5,1K
2.7,ワンルーム
6.2,ワンルーム
5.9,1LDK
3.7,1K
4.5,1K
4.4,1K
6.3,1DK
6.7,1K
6.5,1LDK
4.7,1LDK
3.3,1K
2.5,1K
6.9,1DK
2.8,ワンルーム
3.5,1DK
6.45,1DK
6.8,ワンルーム
5.2,ワンルーム
7.6,2DK
1.7,1K
4.1,1DK
4.3,1K
3.0,1DK
4.3,ワンルーム
4.2,ワンルーム
2.5,ワンルーム
3.5,2DK
23.5,4LDK
4.4,1K
6.0,1LDK
4.9,1DK
2.95,1K
3.6,1K
1.8,1K
4.6,1K
6.3,2LDK
6.5,2DK
5.6,1K
8.3,ワンルーム
2.6,1K
3.3,1K
5.9,1LDK
11.0,2LDK
2.6,ワンルーム
7.6,1LDK
4.7,1K
3.8,2DK
4.75,1K
13.2,3SLDK
7.9,1LDK
3.5,ワンルーム
6.3,ワンルーム
4.3,1K
6.3,2DK
4.0,1K
6.6,1K
2.8,1K
4.3,ワンルーム
3.3,1K
5.7,1K
6.5,ワンルーム
4.8,1K
8.9,1LDK
6.7,2LDK
5.8,3LDK
1.8,1K
6.6,ワンルーム
6.5,3DK
3.6,1K
5.7,3DK
7.4,1LDK
8.0,1LDK
6.7,1LDK
5.7,1LDK
3.8,ワンルーム
5.8,1K
6.9,3LDK
3.9,2K
4.4,1K
7.1,1LDK
19.5,2LDK
7.6,ワンルーム
4.0,1DK
6.5,ワンルーム
6.6,1K
5.1,1K
2.9,ワンルーム
5.2,1DK
5.7,1K
6.7,2K
5.9,3LDK
8.0,1LDK
5.5,1DK
6.3,1LDK
2.2,1K
7.7,3LDK
6.6,1K
6.0,1LDK
1.8,1K
3.6,2DK
2.9,1K
1.9,1DK
6.8,1K
11.8,3LDK
7.9,1LDK
1.3,1K
6.5,1K
4.5,1K
4.0,1K
3.4,ワンルーム
6.3,2LDK
6.6,1K
7.4,1LDK
4.0,2LDK
7.3,1DK
2.6,ワンルーム
3.9,ワンルーム
6.1,ワンルーム
5.5,2LDK
4.2,ワンルーム
3.2,1K
5.9,3DK
3.8,1K
7.8,1K
6.5,1LDK
6.5,3LDK
6.5,1K
3.5,1K
11.8,1LDK
26.0,3LDK
6.2,ワンルーム
7.8,4LDK
16.1,2LDK
6.4,1LDK
5.2,1K
2.9,ワンルーム
4.6,1K
3.2,1K
6.1,1K
7.0,2K
3.3,ワンルーム
3.2,1K
5.3,1K
6.2,1DK
5.1,1K
4.0,ワンルーム
4.0,ワンルーム
15.6,2SLDK
9.0,2LDK
5.0,2LDK
2.5,ワンルーム
7.5,ワンルーム
9.8,1DK
6.4,ワンルーム
2.5,1K
3.7,1K
7.0,3LDK
3.8,ワンルーム
5.9,2LDK
5.8,3LDK
6.2,1LDK
2.8,1K
4.25,1K
7.7,2SLDK
4.0,1K
6.0,2LDK
4.8,1DK
4.3,ワンルーム
3.5,ワンルーム
6.3,1K
3.6,1DK
2.0,1K
2.3,ワンルーム
6.7,1K
9.0,3LDK
5.5,1LDK
6.0,1LDK
9.3,1LDK
6.0,1LDK
6.5,1K
6.0,1LDK
7.5,1LDK
5.2,1K
2.6,1K
3.0,ワンルーム
5.3,1K
8.3,2LDK
8.5,1K
4.7,1K
4.4,2DK
4.2,1K
6.0,3DK
2.4,1K
2.9,ワンルーム
5.5,1K
6.8,1K
5.5,3SDK
3.3,1K
4.9,1K
5.9,ワンルーム
2.5,1K
7.7,1LDK
7.1,1DK
6.9,1LDK
6.2,ワンルーム
5.95,ワンルーム
7.5,1LDK
2.9,ワンルーム
4.5,1DK
6.5,3LDK
2.2,1K
5.6,1LDK
2.7,ワンルーム
4.5,1K
6.7,2LDK
7.2,2LDK
7.0,3DK
4.5,1DK
2.9,1K
3.7,ワンルーム
3.7,1K
3.6,1DK
5.1,1DK
7.6,1LDK
