家賃,物件番号,情報更新日,次回更新予定日,所在地,建物名,沿線・駅・交通,専有面積,専用庭面積,間取り,間取り内訳,バルコニー,サービスルーム数,小学校区,中学校区,駐車場,駐車場：形式,駐車場：状況,駐車場備考,駐車場敷金,敷金,礼金,精算方式,保証金,保証金償却,管理費,共益費,雑費,家賃保証会社,家賃保証・保証費用等,保険,更新料,その他一時金,施設費用,その他費用,賃貸借区分,契約期間,特優賃区分,管理員の勤務形態,敷地延長,建物構造,建物工法,最適用途,階建,階,築年月,現況,入居可能時期,設備,特記事項,備考,取引態様,担当者,担当者連絡先,市区
3.0,98192614,2022年12月06日,2022年12月20日,福岡市早良区祖原１７－８  mapを見る,ローズシャトー  308,福岡市空港線西新駅 徒歩8分 城西３丁目バス停 徒歩4分 駅までmap 福岡市空港線藤崎駅 徒歩11分 駅までmap ,23㎡ / 約6.96坪,nan,1DK,ＤＫ4.5／和6, 北,nan,nan,nan,無,nan,　,nan,nan,無,無,nan,無,nan,無,無,無,nan,nan,有、18000円、2年（例）※契約者や条件によっては、内容が変更になる場合があります。,無,nan,nan,nan,nan,2年,nan,nan,nan,ＲＣ,nan,nan,地上3階建,3階部分,1979[S54]年6月,空家,相談　,都市ガス　 電気　 上水道　 下水道　 エアコン　 給湯　 トイレ　 バス・トイレ同　 シャワー　 ＣＡＴＶ　 ＢＳ端子　 洗面台　 洗濯機置場　 インターネット使い放題　,nan,地下鉄西新駅まで徒歩８分！通勤通学にも便利ですよ。スーパーやコンビニなどにも徒歩圏内でアクセスできます。うれしいインターネット無料ですよ～！！！閑静な住宅街にあるので、夜もリラックスして過ごせますね！,専任媒介,nan,"
",早良
2.9,99294215,2022年12月05日,2022年12月19日,福岡市早良区原４丁目８－８  周辺mapを見る,エスポワールドミ藤崎南  213,福岡市空港線室見駅 徒歩23分 原４丁目バス停 徒歩6分 福岡市七隈線次郎丸駅 徒歩29分 ,16.77㎡ / 約5.07坪,nan,ワンルーム,洋7.5, 北,nan,nan,nan,空有,nan,　,nan,nan,無,無,nan,無,nan,無,無,無,nan,nan,有、18000円、2年（例）※契約者や条件によっては、内容が変更になる場合があります。,無,nan,nan,nan,nan,2年,nan,nan,nan,ＳＲＣ,nan,nan,地上6階建,2階部分,1976[S51]年10月,空家,相談　2022年11月11日,電気　 上水道　 下水道　 エアコン　 給湯　 トイレ　 バス・トイレ同　 シャワー　 ＩＨクッキングヒーター　 洗面台　 室内洗濯機置場　 フローリング　 バルコニー　 エレベーター　 ＴＶモニタ付きインターホン　 駐輪場　 防犯カメラ　,nan,駐車場の空きについては要確認,専任媒介,nan,"
",早良
4.1,99171483,2022年12月06日,2022年12月20日,福岡市早良区重留４丁目２－４８  mapを見る,タカチコーポ  ２０３,重留バス停 徒歩5分 ,41㎡ / 約12.40坪,nan,2DK,洋 6･6　DK 6, 南,nan,nan,nan,空有　駐車場代無料,nan,　,nan,nan,2ヶ月 / 8.2万円,無,敷引 2ヶ月8.2万円 ,無,nan,無,無,700円,有 月額家賃等の８０％＋連帯保証人（親族有職者）※契約者や条件によっては、内容が変更になる場合があります。,nan,有、23000円、2年、火災（例）※契約者や条件によっては、内容が変更になる場合があります。,無,nan,nan,nan,nan,2年,nan,nan,nan,木造,nan,nan,地上2階建,2階部分,1985[S60]年2月,空家,即時　,プロパンガス　 エアコン　 給湯　 追焚機能　 トイレ　 バス・トイレ別　 シャワー　 収納スペース　 洗面所　 洗面台　 洗濯機置場　 ルーフバルコニー　 駐輪場　,二人入居可　 閑静住宅街　 角部屋　,２階角部屋　日当り良好　交通の利便良しエアコン有り　洋室２間有り　流し、風呂釜、湯沸し器、換気扇新調,専任媒介,ごとう　かおる,"
										TEL：092-864-3608
",早良
2.8,98101551,2022年12月06日,2022年12月20日,福岡市早良区祖原１７－８  mapを見る,ローズシャトー  303,福岡市空港線西新駅 徒歩8分 城西３丁目バス停 徒歩4分 駅までmap 福岡市空港線藤崎駅 徒歩11分 駅までmap ,17㎡ / 約5.14坪,nan,1K,Ｋ2／和4.5, 南,nan,nan,nan,無,nan,　,nan,nan,無,無,nan,無,nan,無,無,無,nan,nan,有、18000円、2年（例）※契約者や条件によっては、内容が変更になる場合があります。,無,nan,nan,nan,nan,2年,nan,nan,nan,ＲＣ,nan,nan,地上3階建,3階部分,1979[S54]年6月,空家,相談　2020年5月19日,都市ガス　 電気　 上水道　 下水道　 エアコン　 給湯　 トイレ　 バス・トイレ同　 シャワー　 ＣＡＴＶ　 ＢＳ端子　 洗面台　 洗濯機置場　 インターネット使い放題　,リノベーション　 南向き　,地下鉄西新駅まで徒歩８分！通勤通学にも便利な立地ですよ。バス停も近いです。スーパー、コンビニ、ドラックストアも徒歩圏内でちょっとした買い物に便利ですね。,専任媒介,nan,"
",早良
3.1,99318950,2022年12月06日,2022年12月20日,福岡市早良区原８丁目17-4  mapを見る,グランディール原  104,福岡市七隈線賀茂駅 徒歩18分 西鉄バス(福岡市早良区) 原八丁目バス停 徒歩1分 駅までmap ,23.18㎡ / 約7.01坪,nan,1K,洋7.0・K3.0, 南東,nan,nan,nan,空有　7700円,nan,　,nan,nan,1.55万円,3.1万円,nan,無,nan,無,2000円,無,有 【株式会社JACCS】[初回保証料1万円]【株式会社Casa】[初回保証料]賃料等合計額の50％(最低保証料2万円)。[年間保証料]1万円。※契約者や条件によっては、内容が変更になる場合があります。,nan,有、2年、当社指定（例）※契約者や条件によっては、内容が変更になる場合があります。,0.5ヶ月 ,カギ交換費用：1万7600円,nan,nan,nan,2年,nan,nan,nan,木造,nan,nan,地上2階建,1階部分,1999[H11]年2月,居住中,期日指定　2023年1月8日上旬,プロパンガス　 電気　 上水道　 下水道　 エアコン　 給湯　 トイレ　 バス・トイレ別　 ＣＡＴＶ　 ＢＳ端子　 室内洗濯機置場　 バルコニー　 駐輪場　 ２口コンロ　,角部屋　,駐車場：平置・舗装・空有り・7700円お問合せ番号 970203-104 ●無料ネット:J:COM 320M Wi-Fi付き 0120-999-000。 / 町会費300円（月額） / 保険料800円（月額） / 保険:800円/月,貸主,nan,"
",早良
7.7,99295976,2022年12月06日,2022年12月20日,福岡市早良区室見４丁目１２－３  周辺mapを見る,庄浜ハイツ  401,福岡市空港線室見駅 徒歩9分 ,72.08㎡ / 約21.80坪,nan,4LDK,和 6　洋 6･6･5　LDK 9,nan,nan,nan,nan,空有　8000円,nan,　,nan,nan,無,2ヶ月,nan,無,nan,無,3000円,無,有 全保連月額賃料５０％～１００％※契約者や条件によっては、内容が変更になる場合があります。,nan,有、21000円、2年（例）※契約者や条件によっては、内容が変更になる場合があります。,無,nan,nan,nan,nan,2年,nan,nan,nan,ＲＣ,nan,nan,地上4階建,4階部分,1985[S60]年10月,空家,相談　,都市ガス　 給湯　 バス・トイレ別　 ＣＡＴＶ　 収納スペース　 シャンプードレッサー　 洗濯機置場　 室内洗濯機置場　 フローリング　 ３面バルコニー　 ＴＶモニタ付きインターホン　 駐輪場　,角部屋　 最上階　,nan,一般媒介,nan,"
",早良
3.3,99251509,2022年12月05日,2022年12月19日,福岡市早良区飯倉５丁目5-10  mapを見る,Fアパルトメント金山駅西  201,福岡市七隈線金山駅 徒歩12分 駅までmap 福岡市七隈線七隈駅 徒歩18分 駅までmap 福岡市七隈線茶山駅 徒歩17分 駅までmap ,壁芯23㎡ / 約6.96坪,nan,1K,nan,nan,nan,福岡市立飯倉中央小学校　距離911ｍ,福岡市立原中学校　距離1061ｍ,空無,nan,　,軽自動車専用,nan,無,無,nan,無,nan,無,3000円,無,有 オリコフォレントインシュア（他、全保連・ジェイリースなど取り扱いあり）※契約者や条件によっては、内容が変更になる場合があります。,nan,有、SBI日本少額短期保険（月払）（例）※契約者や条件によっては、内容が変更になる場合があります。,nan,nan,nan,nan,nan,1年,nan,巡回,nan,木造,nan,nan,地上2階建,2階部分,1983[S58]年8月,空家,即時　,冷房　 暖房　 エアコン　 給湯　 トイレ　 バス・トイレ別　 シャワー　 温水洗浄便座　 収納スペース　 ガスコンロ設置可　 洗濯機置場　 室内洗濯機置場　 フローリング　 照明器具付き　 バルコニー　 ＴＶモニタ付きインターホン　 全居室フローリング　 押入れ　,ペット不可　 角部屋　 最上階　 高齢者相談　 保証人不要　,"現況優先月額その他　シード２４　880円（税込）・火災保険料（単身）800円鍵交換代　16,500円（税込）一年毎　更新事務手数料　6,600円（税込）退去時　クリーニング代１ヶ月分小型犬・猫１匹まで（２匹は不可）犬：礼金１　猫：礼金１＋家賃2,000円",貸主,nan,"
										TEL：092-791-7250
",早良
4.2,99188695,2022年12月05日,2022年12月19日,福岡市早良区西新５丁目15-11  mapを見る,アルファコートⅢ  402,福岡市空港線西新駅 徒歩5分 駅までmap 修猷館前バス停 徒歩2分 ,22.8㎡ / 約6.90坪,nan,1K,nan, 南,nan,nan,nan,無,nan,　,nan,nan,無,無,nan,無,nan,無,3000円,無,有 確認ください（全保連：月額合計100％ジェイリース：月額合計80％日本セーフティー：月額合計80％～100）※契約者や条件によっては、内容が変更になる場合があります。,nan,有、17000円、2年（例）※契約者や条件によっては、内容が変更になる場合があります。,無,鍵交換代：1万6500円,nan,共益費：3000円 / 月シード24：840円 / 月口座振替手数料：400円 / 月町費：300円 / 月,nan,1年,nan,巡回,nan,鉄骨造,nan,nan,地上7階建,4階部分,1990[H2]年11月,空家,即時　,都市ガス　 エアコン　 給湯　 トイレ　 バス・トイレ別　 収納スペース　 システムキッチン　 ガスコンロ設置可　 洗面所　 洗濯機置場　 室内洗濯機置場　 フローリング　 エレベーター　,nan,退去時クリーニング：42000円,代理,nan,"
",早良
5.4,99309018,2022年12月05日,2022年12月19日,福岡市早良区城西１丁目6-16  mapを見る,クウィーンウッド城西  705,福岡市空港線西新駅 徒歩6分 駅までmap 福岡市七隈線別府駅 徒歩19分 駅までmap 福岡市空港線唐人町駅 徒歩19分 駅までmap ,壁芯22.2㎡ / 約6.72坪,nan,1K,洋6.5／Ｋ2, 南,nan,nan,nan,空無　1万6000円,自走（平置きも含む）,　,nan,nan,無,2ヶ月,実費,無,nan,無,3000円,無,有 ふれんずサポート保証（初回のみ・更新料なし）※契約者や条件によっては、内容が変更になる場合があります。,家賃総額の50％,有、15000円、2年、AIG損害保険（例）※契約者や条件によっては、内容が変更になる場合があります。,無,鍵交換代：1万7600円,nan,ライフサポート24：880円 / 月,nan,2年,nan,巡回,nan,ＲＣ,nan,nan,地上7階建,7階部分,2004[H16]年2月,空家,相談　,都市ガス　 エアコン　 給湯　 トイレ　 バス・トイレ別　 シャワー　 温水洗浄便座　 ＣＡＴＶ　 収納スペース　 洗面所　 洗面台　 室内洗濯機置場　 フローリング　 バルコニー　 エレベーター　 オートロック　 駐輪場　 独立洗面脱衣所　 火災報知機　 シューズボックス　 敷地内ゴミ置き場　,ペット不可　 日当り良好　 角部屋　 最上階　 眺望良好　,nan,代理,nan,"
",早良
15.7,99269985,2022年12月05日,2022年12月19日,福岡市早良区百道浜１丁目5-1  mapを見る,シーサイドももちイーストステージ 2 103,福岡市空港線西新駅 徒歩16分 駅までmap ,壁芯79.79㎡ / 約24.14坪,nan,3LDK,ＬＤＫ11／洋4／和8／和6, 南,nan,福岡市立百道浜小学校　距離1149ｍ,福岡市立百道中学校　距離1631ｍ,空有　駐車場1台無料,nan,　,nan,nan,無,2ヶ月,実費,無,nan,無,無,660円,有 全保連（個人契約の場合必須　連帯保証人1名必須）※契約者や条件によっては、内容が変更になる場合があります。,月額賃料50％～100％,有、21000円、2年（例）※契約者や条件によっては、内容が変更になる場合があります。,無,CATV初回工事費：8800円,nan,CATV加入要：660円 / 月駐輪場（1台）：500円 / 月,nan,2年,nan,nan,nan,ＲＣ,nan,nan,地上8階建,1階部分,1989[H1]年3月,空家,相談　,都市ガス　 給湯　 トイレ　 バス・トイレ別　 シャワー　 ＣＡＴＶ　 収納スペース　 床下収納　 システムキッチン　 洗面所　 シャンプードレッサー　 室内洗濯機置場　 フローリング　 バルコニー　 エレベーター　 オートロック　 ＴＶモニタ付きインターホン　 駐輪場　 和室有　 ３口コンロ以上　,ペット不可　 分譲タイプ　 内装リフォーム　,nan,一般媒介,nan,"
",早良
5.9,99318718,2022年12月05日,2022年12月19日,福岡市早良区西新５丁目15-10  mapを見る,アドニスガーデン  ２０2,福岡市空港線西新駅 徒歩6分 駅までmap 修猷館前バス停 徒歩5分 脇山口バス停 徒歩3分 ,36.93㎡ / 約11.17坪,nan,1DK,ＤＫ5／洋7.5,無 南,nan,福岡市立高取小学校　距離688ｍ,福岡市立高取中学校　距離1964ｍ,無,nan,　,nan,nan,1ヶ月,1ヶ月,実費,無,nan,無,無,無,有 ふれんずサポート保証※契約者や条件によっては、内容が変更になる場合があります。,月額賃料×50％,有※契約者や条件によっては、内容が変更になる場合があります。,無,錠前取替費：1万4300円,nan,町費：300円 / 月,nan,1年,nan,nan,nan,鉄骨造,nan,nan,地上4階建,2階部分,2000[H12]年3月,空家,相談　,都市ガス　 エアコン　 給湯　 バス・トイレ別　 温水洗浄便座　 システムキッチン　 洗面台　 シャンプードレッサー　 室内洗濯機置場　 フローリング　 ルーフバルコニー（5.95㎡）　 オートロック　 駐輪場　 ２口コンロ　,角部屋　,ペット不可　バイク駐車不可商店街に面す建物です。オーナーが同一建物居住で安心です。,専任媒介,川原,"
										TEL：092-841-0035
",早良
17.8,99309320,2022年12月05日,2022年12月19日,福岡市早良区西新５丁目８－５  mapを見る,エンゼルブレッサ西新中央  204,福岡市空港線西新駅 徒歩5分 脇山口バス停 徒歩5分 駅までmap 福岡市空港線藤崎駅 徒歩10分 駅までmap ,90.85㎡ / 約27.48坪,nan,4LDK,ＬＤＫ14.4／和6／洋6／洋5.5／洋5.5, 南東,nan,nan,nan,空有,nan,　,nan,nan,1ヶ月 / 17.8万円,2ヶ月 / 35.6万円,nan,無,nan,無,無,無,nan,nan,有、22000円、2年（例）※契約者や条件によっては、内容が変更になる場合があります。,無,nan,nan,nan,nan,2年,nan,nan,nan,ＲＣ,nan,nan,地上5階建,2階部分,2000[H12]年3月,空家,相談　2022年10月1日,都市ガス　 電気　 上水道　 下水道　 床暖房　 給湯　 追焚機能　 トイレ　 バス・トイレ別　 シャワー　 温水洗浄便座　 ＣＡＴＶ　 システムキッチン　 シャンプードレッサー　 浴室乾燥機　 フローリング　 バルコニー　 トランクルーム　 エレベーター　 オートロック　 ＴＶモニタ付きインターホン　 宅配ボックス　 駐輪場　 出窓　 ２口コンロ　 独立洗面脱衣所　,分譲タイプ　,駐車場の空きについては要確認,専任媒介,nan,"
",早良
2.9,99184864,2022年12月05日,2022年12月19日,福岡市早良区百道１丁目33-5  mapを見る,コーポＩＹＡＳＡＫＡ  11,福岡市空港線藤崎駅 徒歩11分 駅までmap ,23.53㎡ / 約7.12坪,nan,1K,和6,nan,nan,nan,nan,無,nan,　,nan,nan,無,無,実費,無,nan,無,1000円,無,nan,nan,有※契約者や条件によっては、内容が変更になる場合があります。,無,室内消毒代：1万5400円鍵交換代：1万3200円事務手数料：5500円,nan,保険・ラスタサポート：1500円 / 月,nan,2年,nan,巡回,nan,木造,nan,nan,地上2階建,2階部分,1985[S60]年3月,空家,即時　,都市ガス　 冷房　 暖房　 エアコン　 給湯　 トイレ　 バス・トイレ別　 シャワー　 収納スペース　 ガスコンロ設置可　 洗面台　 洗濯機置場　 バルコニー　 駐輪場　 和室有　 インターネット対応　 敷地内ゴミ置き場　,ペット不可　 閑静住宅街　 事務所使用可　 最上階　,Ａ　Ｄ　キャンペーン中更新事務手数料10000円（税抜）/2年,代理,管理部,"
										TEL：092-834-5539
",早良
4.1,99259988,2022年12月05日,2022年12月19日,福岡市早良区百道２丁目１４番９号  mapを見る,セントラルビレッジ百道  5002,福岡市空港線藤崎駅 徒歩3分 駅までmap ,27.2㎡ / 約8.23坪,nan,1DK,ＤＫ5／洋6, 南東 4.16㎡,nan,nan,nan,空有　1万円,nan,　,nan,nan,1.8万円,1ヶ月 / 4.1万円,nan,無,nan,無,2000円,無,有,全保連株式会社　更新有50％。1年毎1万円。口座振替手数料330円,有、15000円、2年（例）※契約者や条件によっては、内容が変更になる場合があります。,無,鍵交換代（入居時）：1万4300円,nan,水道代（定額）：2300円 / 月町費：200円 / 月,nan,1年,nan,nan,nan,ＲＣ,nan,nan,地上5階建,5階部分,1988[S63]年2月,空家,相談　,エアコン　 トイレ　 バス・トイレ別　 シャワー　 温水洗浄便座　 システムキッチン　 室内洗濯機置場　 フローリング　 バルコニー　 エレベーター　 オートロック　 駐輪場　 オール電化　 タンク式電気給湯器　 インターネット使い放題　 防犯カメラ　 押入れ　,ペット不可　,地下鉄藤崎駅徒歩４分※敷地内駐車場空き有（要確認）。屋根付１００００円。屋根無９０００円。リモコン保証料１８０００円。,専任媒介,nan,"
",早良
3.5,99271851,2022年12月05日,2022年12月19日,福岡市早良区百道２丁目１４番９号  mapを見る,セントラルビレッジ百道  2012,福岡市空港線藤崎駅 徒歩3分 駅までmap ,23.68㎡ / 約7.16坪,nan,1K,Ｋ3／洋6, 南西 4.44㎡,nan,nan,nan,空有　9000円,nan,　,nan,nan,1.8万円,1ヶ月 / 3.5万円,nan,無,nan,無,2000円,無,有,全保連株式会社　初回50％。1年毎更新1万円。口座振替必須330円。,有、15000円、2年（例）※契約者や条件によっては、内容が変更になる場合があります。,無,鍵交換代（入居時）：1万4300円,nan,水道代（定額）：2300円 / 月町費：200円 / 月,nan,1年,nan,nan,nan,ＲＣ,nan,nan,地上5階建,2階部分,1988[S63]年2月,空家,相談　,エアコン　 トイレ　 バス・トイレ別　 シャワー　 収納スペース　 システムキッチン　 ＩＨクッキングヒーター　 洗面台　 室内洗濯機置場　 フローリング　 バルコニー　 エレベーター　 オートロック　 駐輪場　 オール電化　 タンク式電気給湯器　 インターネット使い放題　 防犯カメラ　 シューズボックス　,ペット不可　,２口ＩＨヒーター付キッチン♪オール電化・オートロック・インターネット無料♪　　※西向き　　※敷地内駐車場は要空き確認。屋根付１００００円、屋根無９０００円。リモコン保証料１８０００円。,専任媒介,nan,"
",早良
5.2,98623609,2022年12月06日,2022年12月20日,福岡市早良区西新５丁目1-17  mapを見る,アルファコンフォート福岡西新  706,福岡市空港線西新駅 徒歩3分 駅までmap 福岡市空港線唐人町駅 徒歩19分 駅までmap 福岡市空港線藤崎駅 徒歩9分 駅までmap ,20.67㎡ / 約6.25坪,nan,1K,nan, 北,nan,nan,nan,無,nan,　,nan,nan,無,2ヶ月,nan,無,nan,1万円,nan,無,nan,nan,有、18000円、2年（例）※契約者や条件によっては、内容が変更になる場合があります。,無,オゾン消毒費：1万8000円,nan,nan,nan,2年,nan,nan,nan,ＳＲＣ,nan,nan,地上14階建,7階部分,1992[H4]年5月,空家,相談　,都市ガス　 エアコン　 バス・トイレ別　 冷蔵庫　 ＩＨクッキングヒーター　 フローリング　 照明器具付き　 バルコニー　 エレベーター　 宅配ボックス　 駐輪場　 出窓　 24時間セキュリティ　,角部屋　,nan,貸主,nan,"
",早良
5.7,99301339,2022年12月06日,2022年12月20日,福岡市早良区飯倉７丁目14-1  mapを見る,アイリー飯倉  101,福岡市七隈線茶山駅 徒歩18分 西鉄バス(福岡市早良区) 唐木バス停 徒歩4分 駅までmap ,48.21㎡ / 約14.58坪,nan,1LDK,LDK13.3・洋6.5, 南,nan,nan,nan,空有　6600円,nan,　,nan,nan,無,5.7万円,nan,無,nan,無,2000円,無,有 【株式会社JACCS】[初回保証料1万円]【株式会社Casa】[初回保証料]賃料等合計額の50％(最低保証料2万円)。[年間保証料]1万円。※契約者や条件によっては、内容が変更になる場合があります。,nan,有、2年、当社指定（例）※契約者や条件によっては、内容が変更になる場合があります。,0.5ヶ月 ,カギ交換費用：1万7600円,nan,nan,nan,2年,nan,nan,nan,鉄骨造,nan,nan,地上2階建,1階部分,2001[H13]年4月,空家,期日指定　2022年12月21日下旬,プロパンガス　 電気　 上水道　 下水道　 給湯　 追焚機能　 トイレ　 バス・トイレ別　 温水洗浄便座　 ＣＡＴＶ　 ウォークインクローゼット　 シャンプードレッサー　 室内洗濯機置場　 専用庭　 ＴＶモニタ付きインターホン　 駐輪場　 ２口コンロ　,二人入居可　 南向き　,駐車場：平置・舗装・空有り・6600円お問合せ番号 970439-101 ●駐車場セット契約。2022年11月より禁煙物件で募集(それより前に居住の方は喫煙されている可能性有です) / 町会費500円（月額） / 保険料800円（月額） / 保険:800円/月,貸主,nan,"
",早良
3.0,99020098,2022年12月05日,2022年12月19日,福岡市早良区百道１丁目23-3  mapを見る,クリスタル百道  301,福岡市空港線藤崎駅 徒歩6分 駅までmap 福岡市空港線室見駅 徒歩13分 駅までmap 福岡市空港線西新駅 徒歩15分 駅までmap ,20㎡ / 約6.05坪,nan,1DK,nan,無,nan,nan,nan,無,nan,　,nan,nan,無,無,nan,無,nan,無,2000円,無,有 確認ください（全保連　月額合計100％ジェイリース　月額合計80％日本セーフティ：月額合計80％～100％）※契約者や条件によっては、内容が変更になる場合があります。,nan,有、17000円（例）※契約者や条件によっては、内容が変更になる場合があります。,無,鍵交換代：1万6500円,nan,共益費：2000円 / 月シード24：840円 / 月口座振替手数料：400円 / 月,nan,1年,nan,nan,nan,鉄骨造,nan,nan,地上4階建,3階部分,1988[S63]年6月,空家,即時　,プロパンガス　 エアコン　 給湯　 トイレ　 バス・トイレ別　 収納スペース　 洗面所　 洗濯機置場　 フローリング　 ２口コンロ　,分譲タイプ　 角部屋　,★礼金1ヶ月追加で2/1～入居OK★,代理,nan,"
",早良
8.1,99303881,2022年12月05日,2022年12月19日,福岡市早良区西新１丁目11-19  mapを見る,ネストピア西新Ⅱ  601,福岡市空港線西新駅 徒歩4分 駅までmap 福岡市空港線唐人町駅 徒歩17分 駅までmap 福岡市七隈線別府駅 徒歩22分 駅までmap ,33.07㎡ / 約10.00坪,nan,1LDK,nan,nan,nan,nan,nan,空無,nan,　,nan,nan,無,1ヶ月,nan,無,nan,5000円,nan,無,無,nan,有※契約者や条件によっては、内容が変更になる場合があります。,旧賃料22000円 ,退去時清掃代：6万6000円,nan,安心サポート：1500円 / 月町費：150円 / 月,nan,2年,nan,nan,nan,ＲＣ,nan,nan,地上12階建,6階部分,2013[H25]年10月,空家,相談　,プロパンガス　 冷房　 暖房　 エアコン　 トイレ　 バス・トイレ別　 シャワー　 収納スペース　 洗面所　 洗面台　 室内洗濯機置場　 バルコニー　 エレベーター　 オートロック　 宅配ボックス　 駐輪場　 独立洗面脱衣所　 防犯カメラ　 全居室フローリング　 シューズボックス　 敷地内ゴミ置き場　,ペット不可　 分譲タイプ　,"当社の空室資料はこちらからダウンロードできます。 ＩＤ、ＰＡＳＳは直接ご連絡下さい！！ 【ゼロ不動産管理ホームページ】http://www.zerokanri.co.jp/trader/index.html【初期費用】 鍵交換代：22,000（税込） 消毒代(必須税込)：13,750円（単身）保証会社：保証人有40％　無50％ 事務手数料：13,200円（税込） 安心サポート：初回入会金5000円(簡易消火器付)月額1500円 ※安心サポートには24時間緊急サポートと家財保険が含まれます。",代理,nan,"
",早良
5.2,98080520,2022年12月05日,2022年12月19日,福岡市早良区重留７丁目９－４４  周辺mapを見る,ハートランド重留Ｂ棟  202,福岡市七隈線賀茂駅 徒歩26分 四箇田団地北口バス停 徒歩8分 福岡市七隈線野芥駅 徒歩27分 ,58.84㎡ / 約17.80坪,nan,2LDK,ＬＤＫ13.5／洋6／洋4.5, 南,nan,nan,nan,空有,nan,　,nan,nan,無,1ヶ月 / 5.2万円,nan,無,nan,無,3000円,無,nan,nan,有、20000円、2年（例）※契約者や条件によっては、内容が変更になる場合があります。,無,nan,nan,nan,nan,2年,nan,nan,nan,鉄骨造,nan,nan,地上2階建,2階部分,1995[H7]年3月,空家,相談　2022年7月12日,プロパンガス　 電気　 上水道　 下水道　 給湯　 トイレ　 バス・トイレ別　 シャワー　 ＣＡＴＶ　 ＢＳ端子　 ガスコンロ設置可　 室内洗濯機置場　 フローリング　 バルコニー　 ＴＶモニタ付きインターホン　 駐輪場　 独立洗面脱衣所　,リノベーション　 南向き　,バス停までも徒歩圏内で、天神まで１本で行けます。24時間スーパー、コンビニまで徒歩圏内でお買物にも便利な立地です。駐車場の空きについては要確認,専任媒介,nan,"
",早良
7.6,99316006,2022年12月06日,2022年12月20日,福岡市早良区有田４丁目34番20  mapを見る,Solana  0104,福岡市七隈線次郎丸駅 徒歩15分 有田バス停 徒歩4分 駅までmap ,60.04㎡ / 約18.16坪,nan,2LDK,LDK14.9・洋6・洋5, 南,nan,原西小学校　距離800ｍ,西福岡中学校　距離1000ｍ,空有　6600円,nan,　,nan,nan,無,15.2万円,nan,無,nan,3000円,nan,無,有 保証会社利用必須※契約者や条件によっては、内容が変更になる場合があります。,nan,有、20000円、2年（例）※契約者や条件によっては、内容が変更になる場合があります。,20000円 ,鍵交換代（入居時）：2万9700円,nan,町費：400円 / 月住まいの安心窓口：880円 / 月,nan,2年,nan,nan,nan,木造,nan,nan,地上2階建,1階部分,2018[H30]年4月,居住中,相談　,プロパンガス　 電気　 上水道　 エアコン　 給湯　 追焚機能　 バス・トイレ別　 温水洗浄便座　 ＢＳ端子　 ＣＳ　 ウォークインクローゼット　 システムキッチン　 カウンターキッチン　 洗面台　 シャンプードレッサー　 室内洗濯機置場　 フローリング　 複層ガラス　 バルコニー　 ＴＶモニタ付きインターホン　 駐輪場　 独立洗面脱衣所　 ブロードバンド　,南向き　,インターネット月額利用料無料!　対面システムキッチン、室内洗濯機置場、シャワードレッサー、TVインターホン、温水洗浄暖房便座、バス・トイレ別、エアコン、ウォークインクローゼット、バルコニー! [その他設備] シャワー、ガスコンロ可、クローゼット、24時間緊急対応,専任媒介,nan,"
",早良
6.7,99311542,2022年12月05日,2022年12月19日,福岡市早良区荒江２丁目１６－１２  mapを見る,アビタシオン荒江  102,福岡市空港線西新駅 徒歩19分 駅までmap 福岡市空港線藤崎駅 徒歩17分 駅までmap 福岡市七隈線別府駅 徒歩18分 駅までmap ,52.53㎡ / 約15.89坪,nan,1LDK,洋5.8／ＬＤＫ14.2, 南,nan,nan,nan,空有　1万2100円,nan,　,nan,1万1000円,無,2ヶ月 / 13.4万円,nan,無,nan,無,3000円,無,nan,nan,有、20000円、2年（例）※契約者や条件によっては、内容が変更になる場合があります。,無,nan,nan,nan,nan,2年,nan,nan,nan,ＲＣ,nan,nan,地上3階建,1階部分,2006[H18]年3月,居住中,相談　,都市ガス　 電気　 上水道　 エアコン　 給湯　 追焚機能　 バス・トイレ別　 シャワー　 ＣＡＴＶ　 システムキッチン　 カウンターキッチン　 シャンプードレッサー　 室内洗濯機置場　 フローリング　 オートロック　 駐輪場　 独立洗面脱衣所　,南向き　,１LDKでなんと50㎡ごえの広さを誇ります。リビングにダイニングテーブルと大きなソファを置けてくつろげますね！クローゼットや収納もいっぱいあります。徒歩圏内にスーパーがありお買い物も便利です。駐車場の空きについては要確認,専任媒介,nan,"
",早良
4.2,99264778,2022年12月05日,2022年12月19日,福岡市早良区西新５丁目15-11  mapを見る,アルファコートⅢ  401,福岡市空港線西新駅 徒歩5分 駅までmap 修猷館前バス停 徒歩2分 ,22.8㎡ / 約6.90坪,nan,1K,nan,無 南,nan,nan,nan,無,nan,　,nan,nan,無,無,nan,無,nan,無,3000円,無,有 確認ください（全保連：月額合計100％ジェイリース：月額合計80％日本セーフティー：月額合計80％～100）※契約者や条件によっては、内容が変更になる場合があります。,nan,有、17000円、2年（例）※契約者や条件によっては、内容が変更になる場合があります。,無,鍵交換代：1万5000円,nan,共益費：3000円 / 月町費：300円 / 月シード24：840円 / 月口座振替手数料：400円 / 月,nan,1年,nan,巡回,nan,鉄骨造,nan,nan,地上7階建,4階部分,1990[H2]年11月,空家,即時　,都市ガス　 エアコン　 給湯　 トイレ　 バス・トイレ別　 収納スペース　 システムキッチン　 ガスコンロ設置可　 洗濯機置場　 室内洗濯機置場　 フローリング　 エレベーター　,角部屋　,更新事務手数料10000円(税別）,代理,nan,"
",早良
2.9,99294214,2022年12月05日,2022年12月19日,福岡市早良区原４丁目８－８  周辺mapを見る,エスポワールドミ藤崎南  214,福岡市空港線室見駅 徒歩23分 原４丁目バス停 徒歩6分 福岡市七隈線次郎丸駅 徒歩29分 ,16.77㎡ / 約5.07坪,nan,ワンルーム,洋7.5, 北,nan,nan,nan,空有,nan,　,nan,nan,無,無,nan,無,nan,無,無,無,nan,nan,有、18000円、2年（例）※契約者や条件によっては、内容が変更になる場合があります。,無,nan,nan,nan,nan,2年,nan,nan,nan,ＳＲＣ,nan,nan,地上6階建,2階部分,1976[S51]年10月,空家,相談　2022年11月11日,電気　 上水道　 下水道　 エアコン　 給湯　 トイレ　 バス・トイレ同　 シャワー　 ＩＨクッキングヒーター　 洗面台　 室内洗濯機置場　 フローリング　 バルコニー　 エレベーター　 ＴＶモニタ付きインターホン　 駐輪場　 防犯カメラ　,nan,駐車場の空きについては要確認,専任媒介,nan,"
",早良
6.2,99005776,2022年12月06日,2022年12月20日,福岡市早良区西新５丁目1-17  mapを見る,アルファコンフォート福岡西新  308,福岡市空港線西新駅 徒歩3分 駅までmap 福岡市空港線唐人町駅 徒歩19分 駅までmap 福岡市空港線藤崎駅 徒歩9分 駅までmap ,23.63㎡ / 約7.15坪,nan,1K,nan, 北西,nan,nan,nan,無,nan,　,nan,nan,無,2ヶ月,nan,無,nan,1万円,nan,無,nan,nan,有、18000円、2年（例）※契約者や条件によっては、内容が変更になる場合があります。,無,オゾン消毒費：1万8000円,nan,nan,nan,2年,nan,nan,nan,ＳＲＣ,nan,nan,地上14階建,3階部分,1992[H4]年5月,空家,相談　,都市ガス　 エアコン　 バス・トイレ別　 冷蔵庫　 ＩＨクッキングヒーター　 照明器具付き　 ２面バルコニー　 エレベーター　 宅配ボックス　 駐輪場　 24時間セキュリティ　,角部屋　,nan,貸主,nan,"
",早良
4.7,99097757,2022年12月05日,2022年12月19日,福岡市早良区室見１丁目1-19  mapを見る,SAZA21飛石 A棟 08,福岡市空港線室見駅 徒歩6分 駅までmap 福岡市空港線藤崎駅 徒歩7分 駅までmap 福岡市空港線西新駅 徒歩20分 駅までmap ,内法35.02㎡ / 約10.59坪,nan,1DK,nan,nan,nan,福岡市立百道小学校　距離1041ｍ,福岡市立百道中学校　距離989ｍ,空無,nan,　,nan,nan,無,無,実費,無,nan,無,3000円,300円,有 ジェイリース（50％プラン、80％プラン（最低保証料あり））※契約者や条件によっては、内容が変更になる場合があります。,nan,有、21000円、2年、家財保険（例）※契約者や条件によっては、内容が変更になる場合があります。,無,ハイパーレスキュ24：1万6500円鍵交換代金：1万9800円,nan,nan,nan,2年,nan,巡回,nan,ＲＣ,nan,nan,地上5階建,4階部分,1996[H8]年8月,空家,相談　,都市ガス　 エアコン　 給湯　 トイレ　 バス・トイレ別　 シャワー　 収納スペース　 洗面所　 室内洗濯機置場　 フローリング　 バルコニー　 駐輪場　 浴室に窓　 全居室フローリング　,ペット不可　 日当り良好　 閑静住宅街　 角部屋　 眺望良好　,角部屋です。広々1DK！収納も多いです！法人様にも人気の物件、角部屋です。広々1DK！収納も多いです！エアコン新品です！是非ご内見下さい。,専任媒介,nan,"
",早良
3.4,99291990,2022年12月05日,2022年12月19日,福岡市早良区有田４丁目25-1  mapを見る,サンクスセイユー  204,福岡市七隈線賀茂駅 徒歩11分 駅までmap 福岡市七隈線次郎丸駅 徒歩17分 駅までmap 福岡市七隈線野芥駅 徒歩19分 駅までmap ,29.16㎡ / 約8.82坪,nan,1K,nan, 南,nan,nan,nan,空無,nan,　,nan,nan,無,無,実費,無,nan,無,3000円,無,有 ニッポンインシュア（記載の保証費用等には、保険料・24時間サポート料も含まれます）※契約者や条件によっては、内容が変更になる場合があります。,"初回30％、月額保証料2,400円",有、2年、楽天損害保険（例）※契約者や条件によっては、内容が変更になる場合があります。,無,入居時鍵交換代：1万6500円入居時室内消毒代：1万1000円駐輪シール代：550円,nan,nan,nan,2年,nan,巡回,nan,鉄骨造,nan,nan,地上2階建,2階部分,1991[H3]年4月,空家,即時　,都市ガス　 冷房　 暖房　 エアコン　 給湯　 トイレ　 バス・トイレ別　 シャワー　 収納スペース　 洗面所　 洗面台　 洗濯機置場　 室内洗濯機置場　 フローリング　 ＴＶモニタ付きインターホン　 駐輪場　 全居室フローリング　 シューズボックス　,ペット不可　 最上階　 高齢者相談　 保証人不要　,"◇即入居可◇退去時クリーニング代家賃1ヶ月分◇故意・過失による損傷については別途実費精算◇短期解約違約金　1年未満　家賃2か月　2年未満　家賃1か月◇更新事務手数料　11,000円(税込)/2年◇ペット不可お問い合わせは【エルももち管理部　092-407-5951】まで！",代理,宮本,"
										TEL：090-1510-2191
",早良
6.0,99294216,2022年12月05日,2022年12月19日,福岡市早良区原４丁目８－８  周辺mapを見る,エスポワールドミ藤崎南  301,福岡市空港線室見駅 徒歩23分 福岡市七隈線次郎丸駅 徒歩29分 福岡市七隈線別府駅 徒歩37分 ,52.2㎡ / 約15.79坪,nan,2LDK,nan, 東,nan,nan,nan,空有,nan,　,nan,nan,無,2ヶ月 / 12万円,nan,無,nan,無,無,無,nan,nan,有、20000円、2年（例）※契約者や条件によっては、内容が変更になる場合があります。,無,nan,nan,nan,nan,2年,nan,nan,nan,ＳＲＣ,nan,nan,地上6階建,3階部分,1976[S51]年10月,空家,相談　2022年11月11日,都市ガス　 電気　 上水道　 下水道　 給湯　 トイレ　 バス・トイレ別　 シャワー　 温水洗浄便座　 ガスコンロ設置可　 洗面台　 室内洗濯機置場　 フローリング　 バルコニー　 エレベーター　 ＴＶモニタ付きインターホン　 駐輪場　 防犯カメラ　,nan,駐車場の空きについては要確認,専任媒介,nan,"
",早良
4.7,99261894,2022年12月06日,2022年12月20日,福岡市早良区室見５丁目4-35  mapを見る,ラ・プラージュ室見  202,福岡市空港線室見駅 徒歩6分 駅までmap ,25.99㎡ / 約7.86坪,nan,ワンルーム,nan, 北西,nan,nan,nan,空無,nan,　,nan,nan,無,1ヶ月,nan,無,nan,3000円,nan,無,無,nan,有、11000円、1年、東京海上ウエスト（例）※契約者や条件によっては、内容が変更になる場合があります。,無,鍵交換代：1万7600円消毒代（任意）：1万1000円更新事務手数料：1万1000円退去時清掃代：3万3000円,nan,町費：150円 / 月緊急サポート　SEE：880円 / 月,nan,2年,nan,nan,nan,ＲＣ,nan,nan,地上4階建,2階部分,1995[H7]年2月,空家,即時　,プロパンガス　 エアコン　 トイレ　 バス・トイレ別　 ＩＨクッキングヒーター　 室内洗濯機置場　 フローリング　 バルコニー　 敷地内ゴミ置き場　,高齢者相談　 保証人不要　,nan,代理,nan,"
",早良
9.0,99311084,2022年12月06日,2022年12月20日,福岡市早良区室見５丁目１３－２８  周辺mapを見る,グランツリー室見  306,福岡市空港線室見駅 徒歩1分 ,67.39㎡ / 約20.39坪,nan,2LDK,和 6　洋 6　LDK 13.7,nan,nan,nan,nan,空有　1万3200円,nan,　,nan,nan,無,2ヶ月,nan,無,nan,無,nan,無,有 全保連　月額賃料５０％～１００％※契約者や条件によっては、内容が変更になる場合があります。,nan,有、21000円、2年（例）※契約者や条件によっては、内容が変更になる場合があります。,無,nan,nan,nan,nan,2年,nan,nan,nan,ＳＲＣ,nan,nan,地上10階建,3階部分,1992[H4]年7月,空家,相談　,都市ガス　 給湯　 バス・トイレ別　 シャワー　 ＣＡＴＶ　 収納スペース　 カウンターキッチン　 洗面所　 シャンプードレッサー　 室内洗濯機置場　 フローリング　 ルーフバルコニー　 エレベーター　 モニター付きオートロック　 駐輪場　 防犯カメラ　,nan,北側にはルーフバルコニー,一般媒介,nan,"
",早良
2.9,99302999,2022年12月05日,2022年12月19日,福岡市早良区原４丁目８－８  周辺mapを見る,エスポワールドミ藤崎南  109,福岡市空港線室見駅 徒歩23分 原４丁目バス停 徒歩6分 福岡市七隈線次郎丸駅 徒歩29分 ,16.77㎡ / 約5.07坪,nan,ワンルーム,洋7.5, 北,nan,nan,nan,空有,nan,　,nan,nan,無,無,nan,無,nan,無,無,無,nan,nan,有、18000円、2年（例）※契約者や条件によっては、内容が変更になる場合があります。,無,nan,nan,nan,nan,2年,nan,nan,nan,ＳＲＣ,nan,nan,地上6階建,1階部分,1976[S51]年10月,空家,相談　,電気　 上水道　 下水道　 エアコン　 給湯　 トイレ　 バス・トイレ同　 シャワー　 洗面台　 室内洗濯機置場　 フローリング　 バルコニー　 エレベーター　 駐輪場　 防犯カメラ　,nan,駐車場の空きについては要確認,専任媒介,nan,"
",早良
4.9,98568710,2022年12月05日,2022年12月19日,福岡市早良区高取１丁目５－６  mapを見る,レジデンス西新セスト  207,福岡市空港線藤崎駅 徒歩7分 防塁前バス停 徒歩4分 駅までmap 福岡市空港線西新駅 徒歩8分 駅までmap ,24.89㎡ / 約7.53坪,nan,ワンルーム,洋9.5, 南,nan,nan,nan,空無,nan,　,nan,nan,無,2ヶ月 / 9.8万円,nan,無,nan,無,2000円,無,nan,nan,有、18000円、2年（例）※契約者や条件によっては、内容が変更になる場合があります。,無,nan,nan,nan,nan,2年,nan,nan,nan,ＲＣ,nan,nan,地上3階建,2階部分,1997[H9]年11月,空家,相談　2022年5月12日,プロパンガス　 電気　 上水道　 下水道　 エアコン　 給湯　 トイレ　 バス・トイレ別　 シャワー　 温水洗浄便座　 ＢＳ端子　 ＩＨクッキングヒーター　 洗面台　 室内洗濯機置場　 フローリング　 照明器具付き　 バルコニー　 オートロック　 宅配ボックス　 駐輪場　 インターネット使い放題　,南向き　,周辺には、スーパーやコンビニ・飲食店・商店街などとても充実しています！大通りから１本入っているので、夜も静かに過ごせます！駐車場の空きについては要確認,専任媒介,nan,"
",早良
45.0,99306226,2022年12月06日,2022年12月20日,福岡市早良区西新４丁目1-1  mapを見る,BrilliaTower西新(ブリリアタワー西新)  1803,福岡市空港線西新駅 徒歩1分 駅までmap ,89.38㎡ / 約27.04坪,nan,2LDK,nan, 南西 17.89㎡,nan,nan,nan,空無　2万3000円,nan,　,nan,nan,1ヶ月,2ヶ月,nan,無,nan,無,nan,無,有 オリコフォレントインシュア 初回保証料50％　更新料10、000円/1年毎※契約者や条件によっては、内容が変更になる場合があります。,nan,有、12500円、1年、少額短期(地震なし)個人（例）※契約者や条件によっては、内容が変更になる場合があります。,無,更新事務手数料（更新時）：1万1000円,nan,ライフサポート（月額）：800円 / 月集金手数料（月額）：220円 / 月,定期借家,10年,nan,nan,nan,ＲＣ,nan,nan,地上39階建地下2階建,18階部分,2021[R3]年1月,空家,期日指定　2023年1月下旬,都市ガス　 電気　 上水道　 下水道　 床暖房　 給湯　 追焚機能　 トイレ　 バス・トイレ別　 温水洗浄便座　 ＣＡＴＶ　 ＢＳ端子　 ＣＳ　 システムキッチン　 カウンターキッチン　 洗面台　 シャンプードレッサー　 室内洗濯機置場　 浴室乾燥機　 フローリング　 バルコニー　 エレベーター　 オートロック　 ＴＶモニタ付きインターホン　 宅配ボックス　 駐輪場　 バイク置場(屋外）　 インターネット使い放題　 独立洗面脱衣所　,楽器相談　 分譲タイプ　 角部屋　,駐車場：駐車場　空き無し保証会社初回保証料（契約時）50％ / エントランスから天神、博多へ、福岡空港から全国各地へと快適にアクセス出来ます。博多湾を見晴らすスカイビューラウンジやコンシェルジュサービスなど、暮らしの快適性を高めるワンランク上の充実施設が魅力です。 / ■1年以内の解約は違約金1ヶ月■退去時精算、故意過失は実費精算 ■建物内・敷地内喫煙不可■面積は壁芯表記です■駐車場は管理組合要確認■インターネット使用料無料■楽器相談(アップライトピアノ重量制限200㎏※1㎡集中耐荷重100㎏)■駐輪場各戸2台まで / コンロ３口以上,代理,nan,"
",早良
6.0,98720958,2022年12月06日,2022年12月20日,福岡市早良区西新４丁目６－２８  mapを見る,ジェイホーマー西新  303,福岡市空港線西新駅 徒歩2分 西新４丁目バス停 徒歩1分 駅までmap 福岡市空港線藤崎駅 徒歩16分 駅までmap ,24.65㎡ / 約7.46坪,nan,1K,洋7, 北東,nan,nan,nan,空無,nan,　,nan,nan,無,2ヶ月 / 12万円,nan,無,nan,無,3000円,無,nan,nan,有、18000円、2年（例）※契約者や条件によっては、内容が変更になる場合があります。,無,nan,nan,nan,nan,2年,nan,nan,nan,ＲＣ,nan,nan,地上7階建,3階部分,2004[H16]年3月,空家,相談　2022年10月1日,都市ガス　 電気　 上水道　 エアコン　 給湯　 バス・トイレ別　 シャワー　 ＣＡＴＶ　 ＢＳ端子　 シャンプードレッサー　 室内洗濯機置場　 フローリング　 エレベーター　 オートロック　 宅配ボックス　 駐輪場　 インターネット使い放題　,nan,この駅近で、インターネット使い放題です！！西新商店街も近く、お買い物に便利です！通りに面しており、オートロックもついてますのでセキュリティ面でも安心ですね！駐車場の空きについては要確認,専任媒介,nan,"
",早良
3.7,98987990,2022年12月06日,2022年12月20日,福岡市早良区室見２丁目１３－７  mapを見る,ハミング室見  205,福岡市空港線室見駅 徒歩7分 室見１丁目バス停 徒歩4分 駅までmap 福岡市空港線藤崎駅 徒歩10分 駅までmap ,26.49㎡ / 約8.01坪,nan,1K,洋10, 東,nan,nan,nan,空有　8800円,nan,　,nan,nan,無,1ヶ月 / 3.7万円,nan,無,nan,無,3000円,無,nan,nan,有、18000円、2年（例）※契約者や条件によっては、内容が変更になる場合があります。,無,nan,nan,nan,nan,2年,nan,nan,nan,鉄骨造,nan,nan,地上2階建,2階部分,1996[H8]年2月,居住中,相談　,プロパンガス　 電気　 上水道　 下水道　 エアコン　 給湯　 トイレ　 バス・トイレ別　 シャワー　 ＣＡＴＶ　 洗面台　 室内洗濯機置場　 フローリング　 バルコニー　 ＴＶモニタ付きインターホン　 インターネット使い放題　,nan,駐車場の空きについては要確認,専任媒介,nan,"
",早良
8.0,99259602,2022年12月05日,2022年12月19日,福岡市早良区荒江２丁目6-17  mapを見る,ニューガイアリルーム西新南No.67  303,福岡市空港線西新駅 徒歩18分 駅までmap 荒江バス停 徒歩3分 ,45.63㎡ / 約13.80坪,nan,2LDK,ＬＤＫ11／洋5.6／洋4.6,nan,nan,福岡市立原小学校　距離1033ｍ,福岡市立原中央中学校　距離1160ｍ,空有　1万2100円,自走（平置きも含む）,【 屋根状況　屋根あり 】　,"プレート代金2,750円（税込）　車種要確認",nan,無,2ヶ月,実費,無,nan,無,5000円,無,有 ニューガイアバンク保証（更新料なし）※契約者や条件によっては、内容が変更になる場合があります。,初期費用：月額賃料等の80％～　月額保証料：月額賃料等の1.5％,有、12000円、2年、みらい少額短期保険（例）※契約者や条件によっては、内容が変更になる場合があります。,旧賃料20000円 ,鍵交換代：2万2000円,nan,町費：250円 / 月水道代：4400円 / 月ライフサポート24：660円 / 月,nan,2年,nan,巡回,nan,ＲＣ,nan,nan,地上7階建,3階部分,2003[H15]年7月,空家,即時　,プロパンガス　 エアコン　 給湯　 トイレ　 バス・トイレ別　 シャワー　 ＢＳ端子　 ＣＳ　 収納スペース　 システムキッチン　 ガスコンロ設置可　 洗面所　 洗面台　 室内洗濯機置場　 浴室乾燥機　 フローリング　 バルコニー　 ２面バルコニー　 エレベーター　 オートロック　 宅配ボックス　 駐輪場　 24時間換気システム　 インターネット使い放題　 防犯カメラ　 全居室フローリング　 シューズボックス　 敷地内ゴミ置き場　,ペット不可　 二人入居可　 角部屋　,退去時清掃代　66000円（税込）短期解約違約金1年未満＝家賃1ヶ月分,一般媒介,古賀・楠田,"
										TEL：092-718-0157
",早良
2.5,99268652,2022年12月05日,2022年12月19日,福岡市早良区西新５丁目7-4  mapを見る,メゾンドクレマン  208,福岡市空港線西新駅 徒歩8分 駅までmap 福岡市空港線藤崎駅 徒歩10分 駅までmap 福岡市七隈線別府駅 徒歩23分 駅までmap ,壁芯16.2㎡ / 約4.90坪,nan,1K,nan,nan,nan,福岡市立高取小学校　距離566ｍ,私立西南学院中学校　距離1325ｍ,空無,nan,　,nan,nan,無,無,nan,無,nan,5000円,無,無,有 アーク※契約者や条件によっては、内容が変更になる場合があります。,nan,有※契約者や条件によっては、内容が変更になる場合があります。,旧賃料11000円 ,水道代：2500円,nan,nan,nan,2年,nan,nan,nan,ＲＣ,nan,nan,地上6階建,2階部分,1990[H2]年6月,空家,即時　,都市ガス　 エアコン　 トイレ　 シャワー　 ＣＡＴＶ　 ＢＳ端子　 収納スペース　 システムキッチン　 フローリング　 バルコニー　 エレベーター　 オートロック　 全居室フローリング　,nan,nan,一般媒介,翁長　平日9～19時,"
										TEL：080-6144-2740
",早良
4.1,99287633,2022年12月05日,2022年12月13日,福岡市早良区百道２丁目１４番９号  mapを見る,セントラルビレッジ百道  3007,福岡市空港線藤崎駅 徒歩3分 駅までmap ,27.2㎡ / 約8.23坪,nan,1DK,ＤＫ5／洋6, 南東 4.16㎡,nan,nan,nan,空有　9000円,nan,　,nan,nan,1.8万円,1ヶ月 / 4.1万円,nan,無,nan,無,2000円,無,有,全保連株式会社　初回50％更新有。1年毎1万円。　学生は初回1万円。1年毎1万円,有、20000円、2年（例）※契約者や条件によっては、内容が変更になる場合があります。,無,鍵交換代（入居時）：1万2100円,nan,水道代（定額）：2300円 / 月町費：200円 / 月,nan,1年,nan,nan,nan,ＲＣ,nan,nan,地上5階建,3階部分,1988[S63]年2月,空家,相談　,エアコン　 トイレ　 バス・トイレ別　 シャワー　 システムキッチン　 室内洗濯機置場　 フローリング　 バルコニー　 エレベーター　 オートロック　 駐輪場　 オール電化　 ２口コンロ　 タンク式電気給湯器　 インターネット使い放題　 防犯カメラ　 シューズボックス　 押入れ　,ペット不可　,オール電化・敷地内駐車場空き有♪☆オートロック・オール電化・インターネット無料♪　　☆敷地内駐車場空有・サイズ要確認・屋根付１００００円・屋根無９０００円。　　リモコン保証料１８０００円。　　※内装後入居,専任媒介,nan,"
",早良
3.2,99315858,2022年12月05日,2022年12月19日,福岡市早良区曙２丁目9-3  mapを見る,ポルトス西新  402,福岡市空港線西新駅 徒歩15分 駅までmap 福岡市七隈線茶山駅 徒歩21分 駅までmap 福岡市七隈線別府駅 徒歩15分 駅までmap ,壁芯18.27㎡ / 約5.53坪,nan,1K,洋6, 南,nan,福岡市立高取小学校　距離851ｍ,福岡市立城南中学校　距離1004ｍ,無,nan,　,nan,nan,無,1ヶ月,実費,無,nan,無,3000円,無,有 ジェイリース※契約者や条件によっては、内容が変更になる場合があります。,nan,有※契約者や条件によっては、内容が変更になる場合があります。,nan,nan,nan,くらしーど２４：660円 / 月口座振替手数料：330円 / 月水道代：2850円 / 月町費：150円 / 月,nan,2年,nan,巡回,nan,ＲＣ,nan,nan,地上4階建,4階部分,1989[H1]年9月,空家,相談　,プロパンガス　 冷房　 暖房　 エアコン　 給湯　 トイレ　 バス・トイレ別　 シャワー　 ＣＡＴＶ　 収納スペース　 システムキッチン　 洗濯機置場　 フローリング　 バルコニー　 オートロック　 インターネット使い放題　 ＣＡＴＶインターネット　 シューズボックス　 敷地内ゴミ置き場　,ペット不可　 日当り良好　 外観タイル張り　 最上階　,※現況優先。,代理,nan,"
										TEL：080-3409-8279
",早良
5.3,98693070,2022年12月05日,2022年12月19日,福岡市早良区城西３丁目５－１  mapを見る,ノエル城西  301,福岡市空港線西新駅 徒歩6分 城西１丁目バス停 徒歩4分 駅までmap 福岡市空港線藤崎駅 徒歩18分 駅までmap ,23.78㎡ / 約7.19坪,nan,1K,洋8, 北,nan,nan,nan,空無,nan,　,nan,nan,無,2ヶ月 / 10.6万円,nan,無,nan,無,3000円,無,nan,nan,有、18000円、2年（例）※契約者や条件によっては、内容が変更になる場合があります。,無,nan,nan,nan,nan,2年,nan,nan,nan,鉄骨造,nan,nan,地上3階建,3階部分,2000[H12]年7月,居住中,相談　,プロパンガス　 電気　 上水道　 エアコン　 給湯　 トイレ　 バス・トイレ別　 シャワー　 ＣＡＴＶ　 ＢＳ端子　 室内洗濯機置場　 ロフト　 オートロック　 駐輪場　 出窓　 インターネット使い放題　 独立洗面脱衣所　,nan,物件の目の前におしゃれなコーヒー屋さんもありますよ～！徒歩圏内にスーパーや商店街もあります！駐車場の空きについては要確認,専任媒介,nan,"
",早良
2.1,99108514,2022年12月05日,2022年12月19日,福岡市早良区原１丁目35-9  mapを見る,アイリス原  206,福岡市空港線藤崎駅 徒歩13分 駅までmap 福岡市空港線室見駅 徒歩16分 駅までmap 福岡市空港線西新駅 徒歩22分 駅までmap ,17.11㎡ / 約5.18坪,nan,1K,nan,無,nan,nan,nan,無,nan,　,nan,nan,無,無,nan,無,nan,無,3000円,無,有 確認ください（全保連　月額合計100％ジェイリース　月額合計80％日本セーフティ：月額合計80％～100％）※契約者や条件によっては、内容が変更になる場合があります。,nan,有、17000円、2年（例）※契約者や条件によっては、内容が変更になる場合があります。,無,nan,nan,町費：300円 / 月共益費：3000円 / 月シード24：840円 / 月口座振替手数料：400円 / 月,nan,1年,nan,nan,nan,木造,nan,nan,地上2階建,2階部分,1987[S62]年3月,空家,即時　,都市ガス　 エアコン　 給湯　 トイレ　 収納スペース　 ＩＨクッキングヒーター　 洗濯機置場　 ロフト　 ＴＶモニタ付きインターホン　 インターネット使い放題　,日当り良好　 角部屋　,退去時クリーニング：21000円,代理,nan,"
",早良
2.9,99311188,2022年12月05日,2022年12月19日,福岡市早良区原４丁目８－８  周辺mapを見る,エスポワールドミ藤崎南  216,福岡市空港線室見駅 徒歩23分 原４丁目バス停 徒歩6分 福岡市七隈線次郎丸駅 徒歩29分 ,16.77㎡ / 約5.07坪,nan,ワンルーム,洋7.5, 北,nan,nan,nan,空有,nan,　,nan,nan,無,無,nan,無,nan,無,無,無,nan,nan,有、18000円、2年（例）※契約者や条件によっては、内容が変更になる場合があります。,無,nan,nan,nan,nan,2年,nan,nan,nan,ＳＲＣ,nan,nan,地上6階建,2階部分,1976[S51]年10月,居住中,相談　,電気　 上水道　 下水道　 エアコン　 給湯　 トイレ　 バス・トイレ同　 シャワー　 洗面台　 室内洗濯機置場　 フローリング　 バルコニー　 エレベーター　 ＴＶモニタ付きインターホン　 駐輪場　 防犯カメラ　,nan,駐車場の空きについては要確認,専任媒介,nan,"
",早良
9.0,98503609,2022年12月06日,2022年12月20日,福岡市早良区西新５丁目1-17  mapを見る,アルファコンフォート福岡西新  301,福岡市空港線西新駅 徒歩3分 駅までmap 福岡市空港線唐人町駅 徒歩19分 駅までmap 福岡市空港線藤崎駅 徒歩9分 駅までmap ,28.44㎡ / 約8.60坪,nan,1K,nan, 南東,nan,nan,nan,無,nan,　,nan,nan,無,2ヶ月,nan,無,nan,1万円,nan,無,nan,nan,有、18000円、2年（例）※契約者や条件によっては、内容が変更になる場合があります。,無,オゾン消毒費：1万8000円,nan,nan,nan,2年,nan,nan,nan,ＳＲＣ,nan,nan,地上14階建,3階部分,1992[H4]年5月,空家,相談　,都市ガス　 エアコン　 バス・トイレ別　 冷蔵庫　 ＩＨクッキングヒーター　 洗面台　 フローリング　 照明器具付き　 エレベーター　 宅配ボックス　 駐輪場　 24時間セキュリティ　,角部屋　,nan,貸主,nan,"
",早良
3.7,99307722,2022年12月05日,2022年12月19日,福岡市早良区田隈２丁目31-16  mapを見る,セジュール田隈 A 202,福岡市七隈線賀茂駅 徒歩11分 駅までmap ,壁芯26.79㎡ / 約8.10坪,nan,1DK,ＤＫ5.2／洋6,nan,nan,福岡市立田隈小学校　距離640ｍ,福岡市立田隈中学校　距離674ｍ,空有　5000円,nan,　,手数料として一カ月,nan,無,1ヶ月 / 3.7万円,実費,無,nan,無,2000円,無,有 ニッポンインシュア（毎年更新1万円　引落手数料330円）※契約者や条件によっては、内容が変更になる場合があります。,50％,有、17000円、2年、エイワン少額短期保険（例）※契約者や条件によっては、内容が変更になる場合があります。,無,室内消毒料：3万8500円鍵交換費用(1カ所）：1万6500円鍵交換費用(2カ所）：3万3000円,nan,ペット共益費：3000円 / 月引落手数料：330円 / 月,nan,2年,nan,nan,nan,軽量鉄骨,nan,nan,地上2階建,2階部分,1989[H1]年12月,空家,相談　,エアコン　 トイレ　 バス・トイレ別　 シャワー　 室内洗濯機置場　 フローリング　 バルコニー　 駐輪場　 オール電化　,ペット相談可　 日当り良好　 最上階　,"猫飼育は要相談 犬猫多頭飼い不可☆初期費用等☆2年契約（自動更新）更新事務手数料無し礼金1カ月火災保険料2年間17,000円鍵交換費用（1カ所）16,500円、（2カ所）33,000円保証会社　ニッポンインシュア引落手数料含む月額家賃50％　毎年更新1万円1年未満の退去の際は家賃（共益費等を含む）1カ月分、故意過失実費～ペット飼育の場合～ペット共益費月額3,000円室内消毒料38,500円",代理,nan,"
										メールアドレス：nakamura@nishijimakousan.jp
",早良
5.0,99281873,2022年12月06日,2022年12月20日,福岡市早良区室見３丁目12-29  周辺mapを見る,グリーンハイツ室見  302,福岡市空港線室見駅 徒歩7分 ,33㎡ / 約9.98坪,nan,1DK,洋 7　DK 7, 南,nan,nan,nan,近隣確保　1万2100円,nan,　,nan,nan,無,無,nan,無,nan,無,3000円,無,有 ジェイリース　月額賃料総額５０％　（月額保証料を除く）※契約者や条件によっては、内容が変更になる場合があります。,nan,有、18000円、2年、ｅ－Ｎｅｔ少額短期（例）※契約者や条件によっては、内容が変更になる場合があります。,無,駐輪ステッカー１台：100円退去時清掃代：2万2000円,nan,月額保証料：1000円 / 月町費：300円 / 月,nan,2年,nan,nan,nan,ＲＣ,nan,nan,地上3階建,3階部分,1984[S59]年3月,空家,相談　,都市ガス　 エアコン　 給湯　 トイレ　 バス・トイレ別　 シャワー　 ＣＡＴＶ　 収納スペース　 洗面台　 洗濯機置場　 室内洗濯機置場　 フローリング　 照明器具付き　 バルコニー　 オートロック　 ＴＶモニタ付きインターホン　 宅配ボックス　 駐輪場　 火災報知機　,閑静住宅街　 最上階　,☆ユニットバス一式新品交換！☆可動棚新設予定！☆宅配ボックス新設☆敷金・礼金ゼロ！☆ＡＬ付きで防犯面も安心、女性でも安心です！☆南向き日当たり良好☆エアコン付き！ダイソーまで徒歩１分！※現況優先※２年未満解約時、違約金賃料１ヵ月分※月額保証料には口座振替手数料と２４時間サポート料を含む。※照明設備（キッチン）※保険料は当社目安料金。料金変更可能。※近隣駐車場有：敷金２ヶ月・先着順※近隣駐車場の賃料の支払いを口座振替する場合別途手数料がかかります。,一般媒介,nan,"
",早良
2.8,99205856,2022年12月06日,2022年12月20日,福岡市早良区昭代２丁目5-29  周辺mapを見る,ピオーレ昭代  201,福岡市空港線西新駅 徒歩13分 福岡市空港線藤崎駅 徒歩12分 ,21.2㎡ / 約6.41坪,nan,1K,洋 7.5,nan,nan,nan,nan,空無　8000円,nan,　,nan,nan,無,無,nan,無,nan,無,3000円,無,有 全保連　等※契約者や条件によっては、内容が変更になる場合があります。,nan,有、2年※契約者や条件によっては、内容が変更になる場合があります。,無,消毒料：1万1000円,nan,nan,nan,2年,nan,nan,nan,鉄骨造,nan,nan,地上3階建,2階部分,2000[H12]年1月,空家,相談　,プロパンガス　 エアコン　 給湯　 トイレ　 バス・トイレ別　 シャワー　 収納スペース　 ガスコンロ設置可　 洗濯機置場　 ロフト　 駐輪場　,閑静住宅街　 角部屋　,nan,代理,nan,"
",早良
3.5,98211317,2022年12月06日,2022年12月20日,福岡市早良区百道２丁目１０－１１  mapを見る,百道ハイツ  301,福岡市空港線藤崎駅 徒歩3分 早良口（姪浜側）バス停 徒歩1分 駅までmap 福岡市空港線室見駅 徒歩6分 駅までmap ,26.34㎡ / 約7.97坪,nan,1DK,和6／ＤＫ5, 西,nan,nan,nan,無,nan,　,nan,nan,無,無,nan,無,nan,無,無,無,nan,nan,有、18000円、2年（例）※契約者や条件によっては、内容が変更になる場合があります。,無,nan,nan,nan,nan,2年,nan,nan,nan,ＲＣ,nan,nan,地上5階建,3階部分,1984[S59]年8月,空家,相談　,都市ガス　 電気　 上水道　 エアコン　 給湯　 トイレ　 バス・トイレ同　 シャワー　 ＣＡＴＶ　 洗面台　 洗濯機置場　 フローリング　 インターネット使い放題　,nan,おまけにインターネット無料なんて・・・。信じられますか！？とにかくお手ごろなお家賃！近くに銀行や郵便局、スーパー、コンビ二そろってます☆地下鉄、バスセンターもあって通勤・通学便利♪,専任媒介,nan,"
",早良
3.8,99318832,2022年12月06日,2022年12月20日,福岡市早良区高取１丁目13-1  周辺mapを見る,重美コーポ  101,福岡市空港線藤崎駅 徒歩7分 ,28.75㎡ / 約8.70坪,nan,1DK,洋 6.8　DK 5, 東,nan,nan,nan,nan,nan,　,nan,nan,無,無,nan,無,nan,無,nan,無,有 全保連※契約者や条件によっては、内容が変更になる場合があります。,nan,有、15000円、2年（例）※契約者や条件によっては、内容が変更になる場合があります。,無,nan,nan,nan,nan,2年,nan,nan,nan,ＲＣ,nan,nan,地上3階建,1階部分,1986[S61]年3月,空家,即時　,都市ガス　 エアコン　 トイレ　 バス・トイレ別　 シャワー　 ＣＡＴＶ　 収納スペース　 ガスコンロ設置可　 フローリング　 バルコニー　,nan,藤崎駅・商店街近くで便利！水道町内会費月額３０００円・退去時清掃代１６，２００円,一般媒介,nan,"
",早良
3.8,99318361,2022年12月05日,2022年12月19日,福岡市早良区百道２丁目１４番９号  mapを見る,セントラルビレッジ百道  3015,福岡市空港線藤崎駅 徒歩3分 駅までmap ,23.68㎡ / 約7.16坪,nan,1K,Ｋ3／洋6, 北東 4.44㎡,nan,nan,nan,空有　1万円,nan,　,nan,nan,無,1ヶ月 / 3.8万円,nan,無,nan,無,2000円,無,有,全保連株式会社　初回50％1年毎1万円。口座振替必須330円,有、15000円、2年（例）※契約者や条件によっては、内容が変更になる場合があります。,無,鍵交換代（入居時）：1万4300円,nan,水道代（定額）：2300円 / 月町費：200円 / 月,nan,2年,nan,nan,nan,ＲＣ,nan,nan,地上5階建,3階部分,1988[S63]年2月,空家,即時　,エアコン　 トイレ　 バス・トイレ別　 シャワー　 収納スペース　 システムキッチン　 ＩＨクッキングヒーター　 室内洗濯機置場　 フローリング　 バルコニー　 エレベーター　 オートロック　 駐輪場　 オール電化　 タンク式電気給湯器　 インターネット使い放題　 防犯カメラ　 シューズボックス　,ペット不可　,敷地内駐車場空有♪☆東向き　　☆インターネット接続無料（０ＮＥＴ＋）　　☆オートロック・エレベーター・オール電化　　※敷地内駐車場空き有。屋根付１００００円屋根無９０００円リモコン保証料１８０００円,専任媒介,nan,"
",早良
4.6,98406354,2022年12月06日,2022年12月20日,福岡市早良区城西２丁目３－５４  mapを見る,サンシャイン城西  101,福岡市空港線西新駅 徒歩10分 駅までmap 福岡市空港線藤崎駅 徒歩22分 駅までmap 福岡市七隈線六本松駅 徒歩17分 駅までmap ,23.79㎡ / 約7.20坪,nan,1K,洋8,nan,nan,nan,nan,空有　1万1000円,nan,　,nan,nan,無,2ヶ月 / 9.2万円,nan,無,nan,無,無,無,nan,nan,有、18000円、2年（例）※契約者や条件によっては、内容が変更になる場合があります。,無,nan,nan,nan,nan,2年,nan,nan,nan,ＲＣ,nan,nan,地上4階建,1階部分,2001[H13]年3月,居住中,相談　,都市ガス　 電気　 上水道　 エアコン　 給湯　 トイレ　 バス・トイレ別　 シャワー　 ＣＡＴＶ　 ＢＳ端子　 洗面台　 室内洗濯機置場　 フローリング　 バルコニー　 オートロック　 宅配ボックス　 インターネット使い放題　 防犯カメラ　,nan,オートロック、防犯カメラ付きでセキュリティもばっちりです。都市ガス、ガスコンロ、室内洗濯機置き場など設備充実。西新駅まで徒歩10分。スーパーもコンビニもドラックストアも徒歩圏内でとても生活しやすいですよ。駐車場の空きについては要確認,専任媒介,nan,"
",早良
7.3,99307398,2022年12月06日,2022年12月20日,福岡市早良区南庄３丁目２４－１２  mapを見る,スウィングハイツ  303,福岡市空港線室見駅 徒歩13分 南庄３丁目バス停 徒歩3分 駅までmap 福岡市空港線藤崎駅 徒歩20分 駅までmap ,63.92㎡ / 約19.34坪,nan,2LDK,ＬＤＫ17／洋6／和6, 南東,nan,nan,nan,空有　6600円,nan,　,nan,nan,無,2ヶ月 / 14.6万円,nan,無,nan,無,無,無,nan,nan,有、20000円、2年（例）※契約者や条件によっては、内容が変更になる場合があります。,無,nan,nan,nan,nan,2年,nan,nan,nan,ＲＣ,nan,nan,地上4階建,3階部分,1987[S62]年3月,空家,相談　,都市ガス　 電気　 上水道　 エアコン　 給湯　 トイレ　 バス・トイレ別　 シャワー　 温水洗浄便座　 ＣＡＴＶ　 システムキッチン　 室内洗濯機置場　 フローリング　 バルコニー　 駐輪場　 ２口コンロ　,nan,駐車場の空きについては要確認,専任媒介,nan,"
",早良
9.9,98932803,2022年12月06日,2022年12月20日,福岡市早良区室見１丁目３－１６  mapを見る,グランド・ビスタ室見  201,福岡市空港線室見駅 徒歩1分 駅までmap 福岡市空港線藤崎駅 徒歩8分 駅までmap 福岡市空港線姪浜駅 徒歩21分 駅までmap ,74.1㎡ / 約22.42坪,nan,3LDK,洋5／和6／和6／ＬＤＫ9.6, 西,nan,nan,nan,空有　1万4300円,nan,　,nan,1万3000円,無,2ヶ月 / 19.8万円,nan,無,nan,無,5000円,無,nan,nan,有、22000円、2年（例）※契約者や条件によっては、内容が変更になる場合があります。,無,nan,nan,nan,nan,2年,nan,nan,nan,ＲＣ,nan,nan,地上8階建,2階部分,1992[H4]年1月,居住中,相談　,都市ガス　 電気　 上水道　 エアコン　 給湯　 トイレ　 バス・トイレ別　 シャワー　 ＣＡＴＶ　 システムキッチン　 シャンプードレッサー　 室内洗濯機置場　 フローリング　 エレベーター　 オートロック　 宅配ボックス　 駐輪場　 出窓　 インターネット使い放題　 独立洗面脱衣所　,nan,インターネット使い放題です。スーパー、コンビニ、ドラックストアなど全て徒歩圏内で揃います。都市ガス、宅配ＢＯＸ、オートロック、３口コンロのシステムキッチンなど設備充実しております。駐車場の空きについては要確認,専任媒介,nan,"
",早良
4.0,99160447,2022年12月05日,2022年12月19日,福岡市早良区原１丁目39-14  mapを見る,ウイングコート藤崎  302,福岡市空港線藤崎駅 徒歩16分 駅までmap 福岡市空港線室見駅 徒歩20分 駅までmap 福岡市空港線西新駅 徒歩29分 駅までmap ,22.8㎡ / 約6.90坪,nan,1K,nan,nan,nan,福岡市立大原小学校　距離663ｍ,福岡市立高取中学校　距離403ｍ,無,nan,　,nan,nan,無,無,実費,無,nan,無,3000円,無,"有 全保連（初回保証料50％(継続保証料10,000円/年)）※契約者や条件によっては、内容が変更になる場合があります。",nan,有、15000円、2年、賃貸住宅居住者総合保険（例）※契約者や条件によっては、内容が変更になる場合があります。,無,nan,nan,町費：200円 / 月24サポート代：500円 / 月,nan,2年,nan,nan,nan,ＲＣ,nan,nan,地上6階建,3階部分,1989[H1]年1月,空家,相談　,都市ガス　 トイレ　 バス・トイレ同　 シャワー　 収納スペース　 ガスコンロ設置可　 フローリング　 バルコニー　 オートロック　 全居室フローリング　,ペット相談可　 小型犬可　 猫可　,"・初期費用 　火災保険料　15,000円～ 　 ※金額につきましてはお問い合わせ下さい。 　鍵交換代　16,500円（税込）　・退去時クリーニング代　55,000円（税込）　故意・過失等による汚損破損等があれば別途実費精算　・更新事務手数料(2年毎)　16,500円(税込) ・短期解約違約金　1年未満月額総額家賃2ヶ月、1年以上2年未満月額総額家賃1ヶ月分※ペット飼育(小型犬・猫)の場合礼金1ヶ月　頭数によっては条件が変更となる可能性があります。※エアコンが設置されている場合はサービス設置品となります。",代理,nan,"
",早良
6.0,99196406,2022年12月05日,2022年12月19日,福岡市早良区西新４丁目３－２０  mapを見る,フェリクス西新  605,福岡市空港線西新駅 徒歩1分 西新４丁目バス停 徒歩1分 駅までmap ,35.55㎡ / 約10.75坪,nan,ワンルーム,洋14,nan,nan,nan,nan,空無,nan,　,nan,nan,無,1ヶ月 / 6万円,nan,無,nan,無,2150円,無,nan,nan,有、18000円、2年（例）※契約者や条件によっては、内容が変更になる場合があります。,無,nan,nan,nan,nan,2年,nan,nan,nan,ＳＲＣ,nan,nan,地上13階建,6階部分,1996[H8]年3月,空家,相談　,都市ガス　 電気　 上水道　 下水道　 エアコン　 給湯　 トイレ　 バス・トイレ別　 シャワー　 ＣＡＴＶ　 室内洗濯機置場　 フローリング　 バルコニー　 エレベーター　 オートロック　 駐輪場　 防犯カメラ　,nan,駐車場の空きについては要確認,専任媒介,nan,"
",早良
15.7,99266359,2022年12月06日,2022年12月20日,福岡市早良区百道浜１丁目５－１  mapを見る,シーサイドももちイーストステージ　２号棟  103,福岡市空港線西新駅 徒歩13分 駅までmap ,79.79㎡ / 約24.14坪,nan,3LDK,和 8･6　洋 4,nan,nan,nan,nan,空有　駐車場代無料,nan,　,nan,nan,無,2ヶ月,nan,無,nan,無,nan,660円,有 月額賃料５０％～１００％（全保連）※契約者や条件によっては、内容が変更になる場合があります。,nan,有、21000円、2年（例）※契約者や条件によっては、内容が変更になる場合があります。,無,nan,nan,駐輪場　有：500円 / 月,nan,2年,nan,nan,nan,ＲＣ,nan,nan,地上8階建,1階部分,1989[H1]年3月,空家,相談　,都市ガス　 給湯　 トイレ　 バス・トイレ別　 ＣＡＴＶ　 収納スペース　 システムキッチン　 洗面所　 シャンプードレッサー　 室内洗濯機置場　 バルコニー　 エレベーター　 オートロック　 ＴＶモニタ付きインターホン　 駐輪場　,分譲タイプ　,駐輪場代１台につき５００円／月ＴＶはＣＡＴＶ加入要６６０円／月初回工事費８８００円,一般媒介,nan,"
",早良
8.5,99286384,2022年12月06日,2022年12月20日,福岡市早良区室見５丁目１－２２  周辺mapを見る,第２門司ビル  201,福岡市空港線室見駅 徒歩1分 ,66.43㎡ / 約20.10坪,nan,3LDK,和 8･6　洋 5　LDK 12,nan,nan,nan,nan,空有　1万3200円,nan,　,nan,nan,無,2ヶ月,nan,無,nan,無,無,無,有 全保連月額賃料５０％～１００％※契約者や条件によっては、内容が変更になる場合があります。,nan,有、21000円、2年（例）※契約者や条件によっては、内容が変更になる場合があります。,無,nan,nan,nan,nan,2年,nan,nan,nan,ＲＣ,nan,nan,地上6階建,2階部分,1984[S59]年3月,空家,相談　,都市ガス　 給湯　 バス・トイレ別　 シャワー　 ＣＡＴＶ　 収納スペース　 ガスコンロ設置可　 洗面所　 洗面台　 室内洗濯機置場　 フローリング　 バルコニー　 エレベーター　 オートロック　 ＴＶモニタ付きインターホン　 駐輪場　 防犯カメラ　,角部屋　,nan,一般媒介,nan,"
",早良
13.5,99294995,2022年12月05日,2022年12月19日,福岡市早良区西新２丁目14-17  mapを見る,レリアンス・ヴィラ西新  402,福岡市空港線西新駅 徒歩8分 駅までmap 福岡市空港線唐人町駅 徒歩16分 駅までmap 福岡市空港線藤崎駅 徒歩21分 駅までmap 西鉄バス「西新パレス前」停 4分,壁芯77.76㎡ / 約23.52坪,nan,3LDK,ＬＤＫ15／洋5.7／洋5.6／和8, 11.5㎡,nan,福岡市立西新小学校　距離934ｍ,福岡市立百道中学校　距離1695ｍ,空有　1万4300円,nan,　,屋根なし：11000円/月　　屋根有：14300円/月,nan,3ヶ月,無,敷引 3ヶ月,無,nan,5000円,無,無,有 全保連※契約者や条件によっては、内容が変更になる場合があります。,nan,有、20000円、2年（例）※契約者や条件によっては、内容が変更になる場合があります。,無,鍵交換費2ヶ所：3万4100円,nan,町費・CATV基本料：1000円 / 月くらしーど24：770円 / 月,nan,2年,nan,nan,nan,ＲＣ,nan,nan,地上5階建,4階部分,1995[H7]年12月,空家,即時　,エアコン　 給湯　 トイレ　 バス・トイレ別　 シャワー　 収納スペース　 洗面台　 室内洗濯機置場　 バルコニー　 エレベーター　 オートロック　 ＴＶモニタ付きインターホン　 独立洗面脱衣所　 和室有　 インターネット対応　 浴室暖房　 押入れ　,ペット不可　 内装リフォーム　,※写真は前入居者入居前写真です,代理,nan,"
										TEL：092-751-2000
",早良
6.3,98195267,2022年12月06日,2022年12月20日,福岡市早良区荒江２丁目８－８  mapを見る,ウェルス荒江  202,福岡市空港線西新駅 徒歩15分 荒江四角バス停 徒歩2分 駅までmap 福岡市空港線藤崎駅 徒歩21分 駅までmap ,38.88㎡ / 約11.76坪,nan,1LDK,ＬＤＫ12／洋5, 南,nan,nan,nan,空有　1万2100円,nan,　,nan,nan,無,1ヶ月 / 6.3万円,nan,無,nan,無,3000円,無,nan,nan,有、20000円、2年（例）※契約者や条件によっては、内容が変更になる場合があります。,無,nan,nan,nan,nan,2年,nan,nan,nan,ＳＲＣ,nan,nan,地上11階建,2階部分,1988[S63]年5月,空家,相談　,都市ガス　 電気　 上水道　 給湯　 トイレ　 バス・トイレ別　 シャワー　 ＣＡＴＶ　 ＢＳ端子　 カウンターキッチン　 シャンプードレッサー　 室内洗濯機置場　 フローリング　 エレベーター　 オートロック　 駐輪場　 ２口コンロ　 独立洗面脱衣所　,南向き　,駐車場の空きについては要確認,専任媒介,nan,"
",早良
5.2,99310261,2022年12月06日,2022年12月20日,福岡市早良区原団地60-501  mapを見る,原団地60棟  501,福岡市空港線室見駅 徒歩15分 原団地バス停 徒歩5分 駅までmap ,46.27㎡ / 約14.00坪,nan,2LDK,LDK11/洋4.5/和4.5, 南,nan,nan,nan,空有　7000円,nan,　,nan,nan,無,2ヶ月,nan,無,nan,無,nan,無,有 全保連 初回保証委託料 選択式(50％ or 100％)※契約者や条件によっては、内容が変更になる場合があります。,nan,有※契約者や条件によっては、内容が変更になる場合があります。,無,更新事務手数料（更新時）：1万1000円カギ交換費用（契約時）：1万3200円,nan,あんしんサービス会費（月額）：1980円 / 月,nan,2年,nan,nan,nan,ＲＣ,nan,nan,地上5階建,5階部分,1968[S43]年7月,空家,相談　,都市ガス　 電気　 上水道　 給湯　 トイレ　 バス・トイレ別　 ＣＡＴＶ　 ガスコンロ設置可　 洗面台　 洗濯機置場　 フローリング　 バルコニー　 独立洗面脱衣所　,日当り良好　 分譲タイプ　 角部屋　 最上階　 南向き　,駐車場：45番区画確保しております。・最上階角部屋!眺望良好です! ※LDKのエアコン、キッチン湯沸かし器はサービス品です。 ※給湯は浴室のみです。,代理,nan,"
",早良
3.5,99199104,2022年12月05日,2022年12月19日,福岡市早良区藤崎１丁目2-11  mapを見る,ハイツ溝口  103,福岡市空港線藤崎駅 徒歩3分 駅までmap ,壁芯25.87㎡ / 約7.83坪,nan,1DK,洋8／ＤＫ4.5, 南,nan,nan,nan,空有　1万4300円,自走（平置きも含む）,【 屋根状況　屋根なし 】　,駐車場は普通小型車のみ駐車出来ます、現地要確認,nan,無,無,実費,無,nan,2000円,nan,300円,有 ジェイリース※契約者や条件によっては、内容が変更になる場合があります。,総額賃料の80％,有、17000円、2年、エイワン少額短期保険（例）※契約者や条件によっては、内容が変更になる場合があります。,旧賃料11000円 ,退去時清掃代　税別：4万円,nan,nan,nan,1年,nan,巡回,nan,軽量鉄骨,nan,nan,地上2階建,1階部分,1986[S61]年9月,空家,即時　,都市ガス　 エアコン　 給湯　 トイレ　 シャワー　 ガスコンロ設置可　 室内洗濯機置場　 フローリング　 バルコニー　 駐輪場　,ペット不可　 二人入居可　 日当り良好　 閑静住宅街　 角部屋　 フリーレント（1ヶ月）　,/保証協会加入義務、物件で駐車場取れます,専任媒介,坂本,"
										TEL：092-833-6010
",早良
6.6,99314736,2022年12月05日,2022年12月19日,福岡市早良区次郎丸５丁目６－５３  mapを見る,Ｇｅｎｔｉｌｅ・Ｓｈｕｎ  307,福岡市七隈線次郎丸駅 徒歩3分 駅までmap 福岡市七隈線賀茂駅 徒歩9分 駅までmap 福岡市七隈線橋本駅 徒歩16分 駅までmap ,35㎡ / 約10.59坪,nan,1LDK,ＬＤＫ9／洋4.2, 東,nan,nan,nan,空無,nan,　,nan,nan,無,2ヶ月 / 13.2万円,nan,無,nan,無,3500円,無,nan,nan,有、20000円、2年（例）※契約者や条件によっては、内容が変更になる場合があります。,無,nan,nan,nan,nan,2年,nan,nan,nan,ＲＣ,nan,nan,地上3階建,3階部分,2014[H26]年2月,居住中,相談　,プロパンガス　 電気　 上水道　 下水道　 エアコン　 給湯　 追焚機能　 トイレ　 バス・トイレ別　 シャワー　 ＣＡＴＶ　 ウォークインクローゼット　 システムキッチン　 シャンプードレッサー　 室内洗濯機置場　 フローリング　 バルコニー　 オートロック　 駐輪場　 ２口コンロ　 インターネット使い放題　 独立洗面脱衣所　 防犯カメラ　,ペット相談可　,駐車場の空きについては要確認,専任媒介,nan,"
",早良
2.8,99177224,2022年12月06日,2022年12月20日,福岡市早良区曙２丁目8-3  周辺mapを見る,シャイング曙  202,福岡市空港線西新駅 徒歩16分 ,18.62㎡ / 約5.63坪,nan,1K,洋 6,nan,nan,nan,nan,無,nan,　,nan,nan,無,無,nan,無,nan,無,2000円,無,有 ふれんずサポート保証　最低保証料：２０，０００円※契約者や条件によっては、内容が変更になる場合があります。,nan,有、18000円、2年、ｅ－Ｎｅｔ少額短期（例）※契約者や条件によっては、内容が変更になる場合があります。,無,退去時清掃代：2万2000円,nan,町費：200円 / 月,nan,2年,nan,nan,nan,鉄骨造,nan,nan,地上2階建,2階部分,1992[H4]年4月,空家,即時　,都市ガス　 エアコン　 給湯　 トイレ　 バス・トイレ別　 シャワー　 ガスコンロ設置可　 洗面所　 洗濯機置場　 フローリング　 バルコニー　,nan,☆即入居可！☆スーパーまで徒歩３分！郵便局まで徒歩３分！☆敷金礼金ゼロ！☆南向き日当たり良好！☆エアコン設備！※１年未満解約時、違約金賃料２ヵ月分、２年未満解約時、違約金賃料１ヵ月分※サービス設備有（照明器具）※図面反転,一般媒介,nan,"
",早良
2.7,99268655,2022年12月05日,2022年12月19日,福岡市早良区西新１丁目1-21  mapを見る,ロマネスク西新オレンジ通り  708,福岡市空港線西新駅 徒歩6分 駅までmap 福岡市空港線唐人町駅 徒歩15分 駅までmap 福岡市七隈線別府駅 徒歩21分 駅までmap ,壁芯18.6㎡ / 約5.63坪,nan,1K,nan,nan,nan,福岡市立鳥飼小学校　距離753ｍ,私立西南学院中学校　距離1060ｍ,空無,nan,　,nan,nan,無,無,nan,無,nan,5000円,無,無,有 アーク※契約者や条件によっては、内容が変更になる場合があります。,nan,有※契約者や条件によっては、内容が変更になる場合があります。,nan,nan,nan,nan,nan,2年,nan,nan,nan,ＳＲＣ,nan,nan,地上10階建,7階部分,1989[H1]年11月,空家,即時　,都市ガス　 エアコン　 トイレ　 シャワー　 ＣＡＴＶ　 ＢＳ端子　 収納スペース　 システムキッチン　 フローリング　 バルコニー　 エレベーター　 オートロック　 防犯カメラ　 全居室フローリング　,nan,nan,一般媒介,翁長　平日9～19時,"
										TEL：080-6144-2740
",早良
3.0,97696817,2022年12月06日,2022年12月20日,福岡市早良区祖原１７－８  mapを見る,ローズシャトー  306,福岡市空港線西新駅 徒歩8分 城西３丁目バス停 徒歩4分 駅までmap 福岡市空港線藤崎駅 徒歩11分 駅までmap ,23㎡ / 約6.96坪,nan,1DK,ＤＫ4.5／和6, 南,nan,nan,nan,無,nan,　,nan,nan,無,無,nan,無,nan,無,無,無,nan,nan,有、18000円、2年（例）※契約者や条件によっては、内容が変更になる場合があります。,無,nan,nan,nan,nan,2年,nan,nan,nan,ＲＣ,nan,nan,地上3階建,3階部分,1979[S54]年6月,空家,相談　2022年2月1日,都市ガス　 電気　 上水道　 下水道　 エアコン　 給湯　 トイレ　 バス・トイレ同　 シャワー　 ＣＡＴＶ　 ＢＳ端子　 ガスコンロ設置可　 洗面台　 洗濯機置場　 照明器具付き　 バルコニー　 インターネット使い放題　,リノベーション　 南向き　,西新商店街、テングッドシティ、スポーツクラブルネサンス、地下鉄西新駅　生活すべてが徒歩圏内！！こんな便利な場所に敷金0ヶ月のお部屋空きました。☆インターネットも無料でこのお家賃☆かなりお安いですね！！！,専任媒介,nan,"
",早良
3.8,98011210,2022年12月06日,2022年12月20日,福岡市早良区西新３丁目１２－６  mapを見る,西新コーポラス  202,福岡市空港線西新駅 徒歩3分 西南学院大学前バス停 徒歩2分 駅までmap 福岡市空港線藤崎駅 徒歩13分 駅までmap ,25.11㎡ / 約7.60坪,nan,1DK,和6／ＤＫ4.5, 南,nan,nan,nan,空有　1万1000円,nan,　,nan,nan,無,1ヶ月 / 3.8万円,nan,無,nan,無,2000円,無,nan,nan,有、18000円、2年（例）※契約者や条件によっては、内容が変更になる場合があります。,無,nan,nan,nan,nan,2年,nan,nan,nan,ＲＣ,nan,nan,地上3階建,2階部分,1984[S59]年3月,空家,相談　2021年4月23日,プロパンガス　 電気　 上水道　 エアコン　 給湯　 バス・トイレ同　 シャワー　 ＣＡＴＶ　 洗面台　 室内洗濯機置場　 インターネット使い放題　,南向き　,敷・礼なし！室内洗濯機置き場あります♪駐車場の空きについては要確認,専任媒介,nan,"
",早良
7.2,99291644,2022年12月05日,2022年12月19日,福岡市早良区次郎丸５丁目１７－７  周辺mapを見る,エディフィスＡ棟  101,福岡市七隈線次郎丸駅 徒歩9分 河原バス停 徒歩8分 福岡市七隈線賀茂駅 徒歩9分 ,47.6㎡ / 約14.40坪,nan,2LDK,洋6／洋4.2／ＬＤＫ11.3, 南,nan,nan,nan,無,nan,　,nan,nan,無,2ヶ月 / 14.4万円,nan,無,nan,無,2500円,無,nan,nan,有、20000円、2年（例）※契約者や条件によっては、内容が変更になる場合があります。,無,nan,nan,nan,nan,2年,nan,nan,nan,鉄骨造,nan,nan,地上2階建,1階部分,1990[H2]年7月,空家,相談　,プロパンガス　 電気　 上水道　 エアコン　 給湯　 トイレ　 バス・トイレ別　 シャワー　 温水洗浄便座　 ＣＡＴＶ　 ＢＳ端子　 システムキッチン　 シャンプードレッサー　 室内洗濯機置場　 フローリング　 専用庭　 ＴＶモニタ付きインターホン　 駐輪場　 ２口コンロ　 インターネット使い放題　 独立洗面脱衣所　,リノベーション　 南向き　,nan,専任媒介,nan,"
",早良
4.7,99318583,2022年12月05日,2022年12月19日,福岡市早良区西新１丁目5-20  mapを見る,カトレアコーポ西新  103,福岡市空港線西新駅 徒歩4分 駅までmap ,28.7㎡ / 約8.68坪,nan,1DK,洋7.5／ＤＫ6, 南 3㎡,nan,nan,nan,空無,nan,　,nan,nan,無,2ヶ月,実費,無,nan,無,無,無,有 全保連株式会社（家賃保証会社の保証委託審査結果如何によりましては、保証委託料が変わることがございます。）※契約者や条件によっては、内容が変更になる場合があります。,"合計月額の50％（年間更新料10,000円）又は100％（更新料無）",有、15000円、2年、賃貸居住者住宅総合保険（例）※契約者や条件によっては、内容が変更になる場合があります。,無,nan,nan,町費：500円 / 月,nan,2年,nan,巡回,nan,ＲＣ,nan,nan,地上5階建,1階部分,1984[S59]年4月,空家,即時　,都市ガス　 エアコン　 給湯　 トイレ　 バス・トイレ別　 シャワー　 温水洗浄便座　 ＣＡＴＶ　 収納スペース　 洗面台　 室内洗濯機置場　 フローリング　 照明器具付き　 バルコニー　 ＴＶモニタ付きインターホン　 駐輪場　 ２口コンロ　 火災報知機　 全居室フローリング　 光ファイバー　 全室照明付　 敷地内ゴミ置き場　,ペット不可　 日当り良好　 閑静住宅街　 高齢者相談　 内装リフォーム　,"社会人かつ非喫煙者限定★鍵交換費：（入居時）13,200円 ★社会人かつ非喫煙者限定（法人・個人といった契約形態の別は問いません。）※但し、令和5年4月より新社会人になられる方につきましては、入居ご相談可能です。 　（入居時期につきましては、貸主契約承認後１ヶ月以内でお願いします。） ■高齢者入居のご相談は可能ですが、契約開始・入居開始時点にて、年齢６９歳以下で、通常生活を送る事ができ、介護保険認定等を一切受けられてなく、家賃保証会社保証委託契約での連帯保証人は不要ですが、賃貸借契約上では、連帯保証人及び身元引受人として福岡市内又はその隣市に在住で、緊急時に確実に連絡が取れ、即行動がとれる身内の方を１名以上立てられる方を最低条件とします。ご検討の際、予めご理解をお願い申し上げます。",専任媒介,nan,"
",早良
7.2,99066775,2022年12月05日,2022年12月19日,福岡市早良区百道２丁目9-21  mapを見る,ＳＴビル  101,福岡市空港線藤崎駅 徒歩3分 駅までmap 福岡市空港線室見駅 徒歩9分 駅までmap 福岡市空港線西新駅 徒歩18分 駅までmap ,46.72㎡ / 約14.13坪,nan,2LDK,ＬＤＫ8.7／洋6／和6／和,nan,nan,百道小学校　距離400ｍ,百道中学校　距離930ｍ,無,nan,　,nan,nan,無,2ヶ月,実費,無,nan,無,4000円,無,有 ジェイリース※契約者や条件によっては、内容が変更になる場合があります。,"家賃総額60％（更新料あり1万円） 又は100％（更新料なし）学生1万円（更新料なし） ＊最低保証料25,000円 ＊保証会社収納代行必須 ＊各プラン月額400円（引落手数料も含まれます。）",有※契約者や条件によっては、内容が変更になる場合があります。,無,nan,nan,くらシード24：800円 / 月町費：200円 / 月火災保険料：1000円 / 月,nan,2年,nan,nan,nan,ＲＣ,nan,nan,地上5階建,1階部分,1985[S60]年2月,空家,即時　,都市ガス　 給湯　 トイレ　 バス・トイレ別　 シャワー　 ＣＡＴＶ　 収納スペース　 ガスコンロ設置可　 洗面台　 シャンプードレッサー　 室内洗濯機置場　 フローリング　 バルコニー　 エレベーター　 ＴＶモニタ付きインターホン　 宅配ボックス　 駐輪場　 独立洗面脱衣所　 シューズボックス　 押入れ　 敷地内ゴミ置き場　,nan,"詳細 鍵代・・・・・16,500円 (内消費税1,500円)保証料・・・・ジェイリース　家賃総額60％（更新料あり1万円）又は100％（更新料なし）学生1万円（更新料なし）　　　　　　　＊最低保証料25,000円　　　　　　　＊保証会社収納代行必須　　　　　　　＊各プラン月額400円（引落手数料も含まれます。）事務手数料・・11,000円 (内消費税1,000円)＜特約＞ ○退去時クリーニング代として家賃1ヶ月分、  退去時故意過失の損傷損耗がある場合は別途実費 ○契約開始日より12ヶ月未満での解約は家賃2ヶ月分、　24ヶ月未満での解約は家賃1ヶ月分を申し受けます。お気軽にお問い合わせください。 空室募集専用サイト　⇒　https://inet.bukkaku.jp/ 営業時間10：00～18：00 店休日　日曜日　（正月・GW・お盆　はお休みします）",代理,高木,"
",早良
6.8,99317000,2022年12月05日,2022年12月19日,福岡市早良区次郎丸３丁目9-10  mapを見る,アプリコットガーデン  207,福岡市七隈線次郎丸駅 徒歩5分 駅までmap ,40.87㎡ / 約12.36坪,nan,1LDK,洋5.4／ＬＤＫ12.5,nan,nan,nan,nan,空有　駐車場1台無料,nan,　,nan,nan,無,無,nan,無,nan,無,2800円,無,有 オリコ※契約者や条件によっては、内容が変更になる場合があります。,nan,有※契約者や条件によっては、内容が変更になる場合があります。,nan,入居時クリーニング：4万9500円,nan,安心サポート：880円 / 月町費：500円 / 月,nan,2年,nan,nan,nan,軽量鉄骨,nan,nan,地上2階建,2階部分,2007[H19]年2月,空家,即時　,プロパンガス　 エアコン　 給湯　 追焚機能　 トイレ　 バス・トイレ別　 シャワー　 温水洗浄便座　 収納スペース　 シャンプードレッサー　 室内洗濯機置場　 フローリング　 テラス　 ＴＶモニタ付きインターホン　 駐輪場　 全居室フローリング　 敷地内ゴミ置き場　,日当り良好　,☆今月契約に限り、敷金・礼金0円☆次郎丸交差点そば！敷地内駐車場1台無料！エアコン・温水洗浄便座・シャンプードレッサー・追焚き機能・TVモニターホン有り！地下鉄『次郎丸』駅徒歩5分！ハローディ・TSUTAYA次郎丸店まで徒歩6分！　＊初期費用のクレジット利用可！,専任媒介,nan,"
",早良
6.0,99199111,2022年12月05日,2022年12月19日,福岡市早良区高取１丁目6-10  mapを見る,レジデンス高取  102,福岡市空港線藤崎駅 徒歩7分 駅までmap 福岡市空港線西新駅 徒歩11分 駅までmap 防塁前バス停 徒歩5分 ,壁芯45.5㎡ / 約13.76坪,nan,2LDK,ＬＤＫ8／洋4.5／洋6, 東,nan,福岡市立高取小学校　距離384ｍ,福岡市立高取中学校　距離1573ｍ,無　1万6500円,自走（平置きも含む）,【 屋根状況　屋根なし 】　,nan,1ヶ月 ,無,2ヶ月,nan,無,nan,4000円,無,無,有 ジェイリース株式会社（保証人様必須）※契約者や条件によっては、内容が変更になる場合があります。,総額賃料の80％から,有、23000円、2年、エイワン少額短期保険（例）※契約者や条件によっては、内容が変更になる場合があります。,旧賃料11000円 ,鍵交換代：1万9800円,消毒料：1万9800円,水町費：4300円 / 月,nan,1年,nan,巡回,nan,ＲＣ,nan,nan,地上4階建,1階部分,1984[S59]年11月,空家,相談　,都市ガス　 エアコン　 給湯　 トイレ　 バス・トイレ別　 シャワー　 収納スペース　 ガスコンロ設置可　 洗面所　 洗面台　 フローリング　 ルーフバルコニー　 駐輪場　 ２口コンロ　,閑静住宅街　 角部屋　,nan,専任媒介,坂本,"
										TEL：092-833-6010
",早良
6.0,98743143,2022年12月06日,2022年12月20日,福岡市早良区西新５丁目1-17  mapを見る,アルファコンフォート福岡西新  1307,福岡市空港線西新駅 徒歩3分 駅までmap 福岡市空港線唐人町駅 徒歩19分 駅までmap 福岡市空港線藤崎駅 徒歩9分 駅までmap ,20.67㎡ / 約6.25坪,nan,1K,nan, 北,nan,nan,nan,無,nan,　,nan,nan,無,2ヶ月,nan,無,nan,1万円,nan,無,nan,nan,有、18000円、2年（例）※契約者や条件によっては、内容が変更になる場合があります。,無,オゾン消臭費：1万8000円,nan,nan,nan,2年,nan,nan,nan,ＳＲＣ,nan,nan,地上14階建,13階部分,1992[H4]年5月,空家,相談　,都市ガス　 エアコン　 バス・トイレ別　 冷蔵庫　 ＩＨクッキングヒーター　 室内洗濯機置場　 フローリング　 照明器具付き　 バルコニー　 エレベーター　 宅配ボックス　 駐輪場　 出窓　 24時間セキュリティ　,角部屋　,nan,貸主,nan,"
",早良
5.3,99038985,2022年12月06日,2022年12月20日,福岡市早良区重留１丁目7-20  mapを見る,重留ハイツ  ２０１,重留新町バス停 徒歩3分 ,54㎡ / 約16.34坪,nan,3DK,和 6･6　洋 6　DK 6, 南,nan,nan,nan,空有　駐車場代無料,nan,　,nan,nan,2ヶ月 / 10.6万円,無,敷引 2ヶ月10.6万円 ,無,nan,無,nan,無,有 保証料（月額家賃等の８０％）＋連帯保証人（親族有職者）※契約者や条件によっては、内容が変更になる場合があります。,nan,有、25000円、2年、火災（例）※契約者や条件によっては、内容が変更になる場合があります。,無,nan,nan,nan,nan,2年,nan,nan,nan,木造,nan,nan,地上2階建,2階部分,1988[S63]年3月,空家,即時　,プロパンガス　 給湯　 追焚機能　 トイレ　 バス・トイレ別　 シャワー　 収納スペース　 床下収納　 ガスコンロ設置可　 洗面台　 洗濯機置場　 室内洗濯機置場　 フローリング　 バルコニー　 駐輪場　 出窓　,二人入居可　 閑静住宅街　 角部屋　,交通の利便良し　角部屋・日当り良好交通の利便良し　日当り良好　洋室有り　駐車場は小型車　２台目は近隣に有り（５０００）,専任媒介,ごとう　かおる,"
										TEL：092-864-3608
",早良
9.4,98503610,2022年12月06日,2022年12月20日,福岡市早良区西新５丁目1-17  mapを見る,アルファコンフォート福岡西新  1201,福岡市空港線西新駅 徒歩3分 駅までmap 福岡市空港線唐人町駅 徒歩19分 駅までmap 福岡市空港線藤崎駅 徒歩9分 駅までmap ,28.44㎡ / 約8.60坪,nan,1K,nan, 南東,nan,nan,nan,無,nan,　,nan,nan,無,2ヶ月,nan,無,nan,1万円,nan,無,nan,nan,有、18000円、2年（例）※契約者や条件によっては、内容が変更になる場合があります。,無,オゾン消臭費：1万8000円,nan,nan,nan,2年,nan,nan,nan,ＳＲＣ,nan,nan,地上14階建,12階部分,1992[H4]年5月,居住中,相談　2023年1月上旬,都市ガス　 エアコン　 バス・トイレ別　 冷蔵庫　 ＩＨクッキングヒーター　 洗面台　 室内洗濯機置場　 洗濯乾燥機　 フローリング　 照明器具付き　 バルコニー　 ２面バルコニー　 エレベーター　 宅配ボックス　 駐輪場　 24時間セキュリティ　,法人限定　 角部屋　,nan,貸主,nan,"
",早良
9.8,97975993,2022年12月06日,2022年12月20日,福岡市早良区室見４丁目１０－９  mapを見る,ディオス・グランデ  202,福岡市空港線室見駅 徒歩10分 駅までmap 福岡市空港線藤崎駅 徒歩11分 駅までmap 福岡市空港線姪浜駅 徒歩22分 駅までmap ,54.64㎡ / 約16.53坪,nan,2LDK,洋5／洋5／ＬＤＫ16, 北東,nan,nan,nan,空有　1万1000円,nan,　,nan,nan,無,2ヶ月 / 19.6万円,nan,無,nan,無,5000円,無,nan,nan,有、20000円、2年（例）※契約者や条件によっては、内容が変更になる場合があります。,無,nan,nan,nan,nan,2年,nan,nan,nan,ＲＣ,nan,nan,地上3階建,2階部分,2006[H18]年6月,空家,相談　2022年7月7日,電気　 上水道　 エアコン　 給湯　 トイレ　 バス・トイレ別　 シャワー　 ＣＡＴＶ　 ＢＳ端子　 システムキッチン　 カウンターキッチン　 ＩＨクッキングヒーター　 シャンプードレッサー　 室内洗濯機置場　 フローリング　 複層ガラス　 オートロック　 ＴＶモニタ付きインターホン　 宅配ボックス　 駐輪場　 インターネット使い放題　 独立洗面脱衣所　,メゾネット　 デザイナーズ　,1Fにはウッドデッキのテラス、2Fにはバルコニー、3Fはルーフバルコニーと非常に珍しい造りになっております♪駐車場の空きについては要確認,専任媒介,nan,"
",早良
3.3,99266113,2022年12月06日,2022年12月20日,福岡市早良区南庄３丁目１４－２２  mapを見る,ウインズ室見  203,福岡市空港線室見駅 徒歩14分 南庄３丁目バス停 徒歩2分 駅までmap 福岡市空港線藤崎駅 徒歩20分 駅までmap ,18.5㎡ / 約5.60坪,nan,1K,Ｋ2／洋5.6, 東,nan,nan,nan,空有　6600円,nan,　,nan,nan,無,無,nan,無,nan,無,2000円,無,nan,nan,有、18000円、2年（例）※契約者や条件によっては、内容が変更になる場合があります。,無,nan,nan,nan,nan,2年,nan,nan,nan,木造,nan,nan,地上2階建,2階部分,1998[H10]年1月,空家,相談　2022年10月27日,プロパンガス　 電気　 上水道　 下水道　 エアコン　 給湯　 トイレ　 バス・トイレ別　 シャワー　 温水洗浄便座　 ＣＡＴＶ　 洗面台　 室内洗濯機置場　 ロフト　 フローリング　 照明器具付き　 バルコニー　,nan,ロフト付きで天井が高いので７帖とは思えない開放感があり過ごしやすいですね。バストイレ別・ミニキッチン付きで水回りも充実してますよ。駐車場の空きについては要確認,専任媒介,nan,"
",早良
6.0,99303000,2022年12月05日,2022年12月19日,福岡市早良区原４丁目８－８  周辺mapを見る,エスポワールドミ藤崎南  401,福岡市空港線室見駅 徒歩23分 福岡市七隈線次郎丸駅 徒歩29分 福岡市七隈線別府駅 徒歩37分 ,52.2㎡ / 約15.79坪,nan,2LDK,nan, 東,nan,nan,nan,空有,nan,　,nan,nan,無,2ヶ月 / 12万円,nan,無,nan,無,無,無,nan,nan,有、20000円、2年（例）※契約者や条件によっては、内容が変更になる場合があります。,無,nan,nan,nan,nan,2年,nan,nan,nan,ＳＲＣ,nan,nan,地上6階建,4階部分,1976[S51]年10月,空家,相談　,都市ガス　 電気　 上水道　 下水道　 給湯　 トイレ　 バス・トイレ別　 シャワー　 ガスコンロ設置可　 洗面台　 室内洗濯機置場　 フローリング　 バルコニー　 エレベーター　 駐輪場　 防犯カメラ　,nan,駐車場の空きについては要確認,専任媒介,nan,"
",早良
3.9,99242160,2022年12月06日,2022年12月20日,福岡市早良区野芥２丁目３－３０  mapを見る,ＫＳ１野芥  203,福岡市七隈線野芥駅 徒歩4分 野芥１丁目バス停 徒歩3分 駅までmap 福岡市七隈線賀茂駅 徒歩10分 駅までmap ,23.18㎡ / 約7.01坪,nan,1K,洋6.9, 南,nan,nan,nan,空有　5500円,nan,　,nan,nan,無,2ヶ月 / 7.8万円,nan,無,nan,無,3500円,無,nan,nan,有、18000円、2年（例）※契約者や条件によっては、内容が変更になる場合があります。,無,nan,nan,nan,nan,2年,nan,nan,nan,木造,nan,nan,地上2階建,2階部分,2005[H17]年6月,空家,相談　2022年8月9日,プロパンガス　 電気　 上水道　 下水道　 エアコン　 トイレ　 バス・トイレ別　 ＣＡＴＶ　 室内洗濯機置場　 フローリング　 バルコニー　 駐輪場　 インターネット使い放題　,ペット相談可　 南向き　,洗濯物もラクラク干せるバルコニー付き。南向きで日当たり良好。嬉しい室内洗濯機置き場。駐車場の空きについては要確認,専任媒介,nan,"
",早良
3.2,98995523,2022年12月05日,2022年12月19日,福岡市早良区祖原28-10  mapを見る,クリスタル祖原  103,福岡市空港線西新駅 徒歩8分 駅までmap 福岡市空港線藤崎駅 徒歩10分 駅までmap 福岡市七隈線別府駅 徒歩19分 駅までmap ,20㎡ / 約6.05坪,nan,1DK,洋6,無,nan,nan,nan,無,nan,　,nan,nan,無,無,nan,無,nan,無,2000円,無,有 確認ください（全保連　月額合計100％ジェイリース　月額合計80％日本セーフティ：月額合計80％～100％）※契約者や条件によっては、内容が変更になる場合があります。,nan,有、17000円、2年（例）※契約者や条件によっては、内容が変更になる場合があります。,無,鍵交換代：1万6500円,nan,水町費：3000円 / 月シード24：840円 / 月口座振替料：400円 / 月共益費：2000円 / 月,nan,1年,nan,巡回,nan,ＲＣ,nan,nan,地上4階建,1階部分,1985[S60]年3月,空家,即時　,プロパンガス　 エアコン　 給湯　 トイレ　 バス・トイレ別　 収納スペース　 洗濯機置場　 フローリング　 ＴＶモニタ付きインターホン　 押入れ　,nan,退去時クリーニング：32000円,代理,nan,"
",早良
2.8,97768333,2022年12月06日,2022年12月20日,福岡市早良区祖原１７－８  mapを見る,ローズシャトー  305,福岡市空港線西新駅 徒歩8分 城西３丁目バス停 徒歩4分 駅までmap 福岡市空港線藤崎駅 徒歩11分 駅までmap ,17㎡ / 約5.14坪,nan,1K,Ｋ2／和4.5, 南,nan,nan,nan,無,nan,　,nan,nan,無,無,nan,無,nan,無,無,無,nan,nan,有、18000円、2年（例）※契約者や条件によっては、内容が変更になる場合があります。,無,nan,nan,nan,nan,2年,nan,nan,nan,ＲＣ,nan,nan,地上3階建,3階部分,1979[S54]年6月,空家,相談　2020年6月22日,都市ガス　 電気　 上水道　 下水道　 エアコン　 給湯　 トイレ　 バス・トイレ同　 シャワー　 ＣＡＴＶ　 ＢＳ端子　 洗面台　 洗濯機置場　 インターネット使い放題　,南向き　,地下鉄西新駅まで徒歩８分！通勤通学にも便利な立地ですよ。バス停も近いです。スーパー、コンビニ、ドラックストアも徒歩圏内でちょっとした買い物に便利ですね。,専任媒介,nan,"
",早良
7.0,98280344,2022年12月06日,2022年12月20日,福岡市早良区西新１丁目２－３  mapを見る,堀田ハイツ  303,福岡市空港線西新駅 徒歩4分 西新１丁目バス停 徒歩1分 駅までmap 福岡市空港線唐人町駅 徒歩12分 駅までmap ,55.2㎡ / 約16.70坪,nan,2LDK,ＬＤＫ9／洋6／和6, 南,nan,nan,nan,無,nan,　,nan,nan,無,2ヶ月 / 14万円,nan,無,nan,無,1200円,無,nan,nan,有、20000円、2年（例）※契約者や条件によっては、内容が変更になる場合があります。,無,nan,nan,nan,nan,2年,nan,nan,nan,ＲＣ,nan,nan,地上5階建,3階部分,1982[S57]年6月,空家,相談　2021年9月21日,都市ガス　 電気　 上水道　 下水道　 給湯　 トイレ　 バス・トイレ別　 シャワー　 ＣＡＴＶ　 室内洗濯機置場　 フローリング　 インターネット使い放題　 独立洗面脱衣所　,二人入居可　 南向き　,バルコニーの広さも魅力的ですね。物を置いてもいいし、使い方の幅が広がりますね。各部屋に収納もたくさんついてます。お子様のいる家庭でも安心です！,専任媒介,nan,"
",早良
6.0,99247477,2022年12月05日,2022年12月19日,福岡市早良区西新４丁目３－２０  mapを見る,フェリクス西新  604,福岡市空港線西新駅 徒歩1分 西新４丁目バス停 徒歩1分 駅までmap ,35.55㎡ / 約10.75坪,nan,ワンルーム,洋14,nan,nan,nan,nan,空無,nan,　,nan,nan,無,1ヶ月 / 6万円,nan,無,nan,無,2150円,無,nan,nan,有、18000円、2年（例）※契約者や条件によっては、内容が変更になる場合があります。,無,nan,nan,nan,nan,2年,nan,nan,nan,ＳＲＣ,nan,nan,地上13階建,6階部分,1996[H8]年3月,空家,相談　,都市ガス　 電気　 上水道　 下水道　 エアコン　 給湯　 トイレ　 バス・トイレ別　 シャワー　 ＣＡＴＶ　 室内洗濯機置場　 フローリング　 バルコニー　 エレベーター　 オートロック　 駐輪場　 防犯カメラ　,角部屋　,都市ガスで月々のランニングコストを抑えることが出来ます。洋室が１４帖とかなり広めなお部屋ですので、荷物が多いお客様にも人気です。駐車場の空きについては要確認,専任媒介,nan,"
",早良
12.5,99296368,2022年12月06日,2022年12月20日,福岡市早良区百道１丁目３０－５  mapを見る,百道ロジュマン  602,福岡市空港線藤崎駅 徒歩9分 駅までmap 福岡市空港線西新駅 徒歩19分 駅までmap 福岡市空港線室見駅 徒歩15分 駅までmap ,66.17㎡ / 約20.02坪,nan,3LDK,ＬＤＫ13.8／和6／洋5.9／洋4.7, 南,nan,nan,nan,空有　1万3200円,nan,　,nan,nan,1ヶ月 / 12.5万円,2ヶ月 / 25万円,nan,無,nan,無,無,無,nan,nan,有、22000円、2年（例）※契約者や条件によっては、内容が変更になる場合があります。,無,nan,nan,nan,nan,2年,nan,nan,nan,ＲＣ,nan,nan,地上7階建,6階部分,1995[H7]年3月,空家,相談　,都市ガス　 電気　 上水道　 下水道　 給湯　 トイレ　 バス・トイレ別　 シャワー　 温水洗浄便座　 ＣＡＴＶ　 システムキッチン　 シャンプードレッサー　 室内洗濯機置場　 フローリング　 バルコニー　 エレベーター　 オートロック　 駐輪場　 ２口コンロ　 独立洗面脱衣所　,分譲タイプ　 南向き　,都市ガスで月々のランニングコストを抑えることができます♪駐車場の空きについては要確認,専任媒介,nan,"
",早良
4.1,99259992,2022年12月05日,2022年12月19日,福岡市早良区百道２丁目１４番９号  mapを見る,セントラルビレッジ百道  5003,福岡市空港線藤崎駅 徒歩3分 駅までmap ,27.2㎡ / 約8.23坪,nan,1DK,ＤＫ5／洋6, 南東 4.16㎡,nan,nan,nan,空有　9000円,nan,　,nan,nan,1.8万円,1ヶ月 / 4.1万円,nan,無,nan,無,2000円,無,無,nan,有、2年※契約者や条件によっては、内容が変更になる場合があります。,無,鍵交換代（入居時）：1万4300円,nan,水道代（定額）：2300円 / 月町費：200円 / 月,nan,1年,nan,nan,nan,ＲＣ,nan,nan,地上5階建,5階部分,1988[S63]年2月,空家,相談　,エアコン　 トイレ　 バス・トイレ別　 シャワー　 システムキッチン　 室内洗濯機置場　 フローリング　 バルコニー　 エレベーター　 オートロック　 駐輪場　 オール電化　 タンク式電気給湯器　 インターネット使い放題　 防犯カメラ　 シューズボックス　 押入れ　,ペット不可　,オートロック・防犯カメラ・オール電化※敷地内駐車場空き有要確認。屋根付１００００円、屋根無９０００円。リモコン保証料１８０００円。,専任媒介,nan,"
",早良
6.5,99308155,2022年12月05日,2022年12月19日,福岡市早良区野芥４丁目20-6(仮)  mapを見る,グランドAK野芥  102,福岡市七隈線野芥駅 徒歩14分 駅までmap 福岡市七隈線梅林駅 徒歩18分 駅までmap 福岡市七隈線賀茂駅 徒歩23分 駅までmap ,内法40.58㎡ / 約12.28坪,nan,1LDK,ＬＤＫ10.7／洋5.7,nan,nan,nan,nan,無　8800円,nan,　,nan,nan,無,1ヶ月,実費,無,nan,無,3000円,無,有 アップフォワード※契約者や条件によっては、内容が変更になる場合があります。,初回保証料60%,有、18000円、2年、日本共済（例）※契約者や条件によっては、内容が変更になる場合があります。,旧賃料22000円 ,nan,nan,町費：500円 / 月２４時間サポート：660円 / 月,nan,2年,nan,巡回,nan,木造,nan,nan,地上3階建,1階部分,2022[R4]年12月（新築）,未完成,予定　2022年12月中旬,プロパンガス　 エアコン　 トイレ　 バス・トイレ別　 シャワー　 温水洗浄便座　 ＣＡＴＶ　 ＢＳ端子　 収納スペース　 システムキッチン　 室内洗濯機置場　 浴室乾燥機　 フローリング　 バルコニー　 オートロック　 ＴＶモニタ付きインターホン　 駐輪場　 バイク置場(屋外）　 インターネット使い放題　 独立洗面脱衣所　 防犯カメラ　 シャッター(雨戸）　 全居室フローリング　 インターネット対応　 敷地内ゴミ置き場　,ペット相談可　 小型犬可　 猫可　,"※物件のお問い合わせは下記担当者携帯までご連絡下さい。FAX番号:(092)707-7099入居時消毒代16,500円（税込）退去時クリーニング代　65,000円（税込）短期解約違約金　1年未満2か月　1年以上2年未満1ヶ月ペット飼育時賃料3,000円UP、2匹目+1,000円",貸主,松森,"
										TEL：080-8592-6749
",早良
3.2,98534363,2022年12月06日,2022年12月20日,福岡市早良区南庄３丁目１４－２２  mapを見る,ウインズ室見  102,福岡市空港線室見駅 徒歩14分 南庄３丁目バス停 徒歩2分 駅までmap 福岡市空港線藤崎駅 徒歩20分 駅までmap ,18.5㎡ / 約5.60坪,nan,1K,Ｋ2／洋5.6, 東,nan,nan,nan,空有　6600円,nan,　,nan,nan,無,無,nan,無,nan,無,2000円,無,nan,nan,有、18000円、2年（例）※契約者や条件によっては、内容が変更になる場合があります。,無,nan,nan,nan,nan,2年,nan,nan,nan,木造,nan,nan,地上2階建,1階部分,1998[H10]年1月,空家,相談　,プロパンガス　 電気　 上水道　 下水道　 エアコン　 給湯　 トイレ　 バス・トイレ別　 シャワー　 ＣＡＴＶ　 洗面台　 室内洗濯機置場　 ロフト　 フローリング　 バルコニー　 インターネット使い放題　,nan,ロフト付きで天井が高いので７帖とは思えない開放感があり過ごしやすいですね。バストイレ別・ミニキッチン付きで水回りも充実してますよ。駐車場の空きについては要確認,専任媒介,nan,"
",早良
6.0,99311189,2022年12月05日,2022年12月19日,福岡市早良区原４丁目８－８  周辺mapを見る,エスポワールドミ藤崎南  308,福岡市空港線室見駅 徒歩23分 福岡市七隈線次郎丸駅 徒歩29分 福岡市七隈線別府駅 徒歩37分 ,50.03㎡ / 約15.13坪,nan,2LDK,nan, 南,nan,nan,nan,空有,nan,　,nan,nan,無,2ヶ月 / 12万円,nan,無,nan,無,無,無,nan,nan,有、20000円、2年（例）※契約者や条件によっては、内容が変更になる場合があります。,無,nan,nan,nan,nan,2年,nan,nan,nan,ＳＲＣ,nan,nan,地上6階建,3階部分,1976[S51]年10月,空家,相談　,都市ガス　 電気　 上水道　 下水道　 給湯　 トイレ　 バス・トイレ別　 シャワー　 ガスコンロ設置可　 洗面台　 室内洗濯機置場　 フローリング　 バルコニー　 エレベーター　 ＴＶモニタ付きインターホン　 駐輪場　 防犯カメラ　,南向き　,駐車場の空きについては要確認,専任媒介,nan,"
",早良
2.1,99293042,2022年12月05日,2022年12月19日,福岡市早良区原１丁目35-9  mapを見る,アイリス原  203,福岡市空港線藤崎駅 徒歩13分 駅までmap 福岡市空港線室見駅 徒歩16分 駅までmap 福岡市空港線西新駅 徒歩22分 駅までmap ,17.11㎡ / 約5.18坪,nan,1K,nan,無,nan,nan,nan,無,nan,　,nan,nan,無,無,nan,無,nan,無,3000円,無,有 確認ください（全保連　月額合計100％ジェイリース　月額合計80％日本セーフティ　月額合計80％～100％）※契約者や条件によっては、内容が変更になる場合があります。,nan,有、17000円、2年（例）※契約者や条件によっては、内容が変更になる場合があります。,無,nan,nan,町費：300円 / 月共益費：3000円 / 月シード24：840円 / 月口座振替手数料：400円 / 月,nan,1年,nan,nan,nan,木造,nan,nan,地上2階建,2階部分,1987[S62]年3月,空家,即時　,都市ガス　 エアコン　 給湯　 トイレ　 収納スペース　 ＩＨクッキングヒーター　 洗濯機置場　 ロフト　 ＴＶモニタ付きインターホン　 インターネット使い放題　,日当り良好　 角部屋　,退去時クリーニング：21000円,代理,nan,"
",早良
4.3,99314325,2022年12月05日,2022年12月19日,福岡市早良区荒江２丁目9-14  mapを見る,セラフィン西新南  201,福岡市空港線西新駅 徒歩22分 駅までmap 福岡市七隈線金山駅 徒歩23分 駅までmap 荒江四角バス停 徒歩3分 ,壁芯27㎡ / 約8.17坪,nan,1K,洋9, 南,nan,nan,nan,空有　1万2000円,nan,　,空き状況はその都度ご確認をお願いします。,nan,無,無,実費,無,nan,無,無,無,有 全保連（保証料：家賃総額の５０％(毎年1万円）又は100％をお選び頂けます。）※契約者や条件によっては、内容が変更になる場合があります。,nan,有、16000円、2年（例）※契約者や条件によっては、内容が変更になる場合があります。,無,鍵交換費用：1万6500円OL解除キー保証金：1万円消毒料：1万1000円,nan,水道代(定額）：3000円 / 月町費：250円 / 月,nan,2年,nan,巡回,nan,ＲＣ,nan,nan,地上10階建,2階部分,1994[H6]年1月,居住中,相談　（R5.1月28日退去予定）,エアコン　 給湯　 トイレ　 バス・トイレ別　 シャワー　 温水洗浄便座　 ＣＡＴＶ　 ＢＳ端子　 ＣＳ　 収納スペース　 ＩＨクッキングヒーター　 洗面所　 洗濯機置場　 室内洗濯機置場　 フローリング　 バルコニー　 エレベーター　 オートロック　 ＴＶモニタ付きインターホン　 宅配ボックス　 駐輪場　 オール電化　 バイク置場(屋外）　 独立洗面脱衣所　 防犯カメラ　 火災報知機　 全居室フローリング　 インターネット対応　 シューズボックス　 敷地内ゴミ置き場　,ペット不可　 日当り良好　 角部屋　 保証人不要　,☆敷地内コインパーキングもあり！！◎解約時に清掃料として4万円（税別）が必要です。故意過失は別途実費。,一般媒介,賃貸部携帯,"
										TEL：090-4511-0555
",早良
3.3,99146883,2022年12月05日,2022年12月19日,福岡市早良区曙２丁目9-3  mapを見る,ポルトス西新  303,福岡市空港線西新駅 徒歩15分 駅までmap 福岡市七隈線茶山駅 徒歩21分 駅までmap 福岡市七隈線別府駅 徒歩15分 駅までmap ,壁芯18.27㎡ / 約5.53坪,nan,1K,洋6, 南,nan,福岡市立高取小学校　距離851ｍ,福岡市立城南中学校　距離1004ｍ,無,nan,　,nan,nan,無,1ヶ月,実費,無,nan,無,3000円,無,有 ジェイリース他※契約者や条件によっては、内容が変更になる場合があります。,nan,有※契約者や条件によっては、内容が変更になる場合があります。,nan,nan,nan,くらしーど２４：660円 / 月口座振替手数料：330円 / 月水道代：2850円 / 月町費：150円 / 月,nan,2年,nan,巡回,nan,ＲＣ,nan,nan,地上4階建,3階部分,1989[H1]年9月,空家,相談　,プロパンガス　 冷房　 暖房　 エアコン　 給湯　 トイレ　 バス・トイレ別　 シャワー　 ＣＡＴＶ　 収納スペース　 システムキッチン　 洗濯機置場　 フローリング　 バルコニー　 オートロック　 インターネット使い放題　 インターネット対応　 ＣＡＴＶインターネット　 シューズボックス　 敷地内ゴミ置き場　,ペット不可　 日当り良好　 角部屋　 外観タイル張り　,※別室参考写真現況優先。,代理,nan,"
										TEL：080-3409-8279
",早良
7.5,98271964,2022年12月05日,2022年12月19日,福岡市早良区曙２丁目10-5  mapを見る,讃井ハイム  302,福岡市空港線西新駅 徒歩11分 駅までmap ,壁芯56.32㎡ / 約17.04坪,nan,2LDK,ＬＤＫ12／洋6／洋6, 南,nan,高取　距離648ｍ,高取　距離1900ｍ,空有　1万1000円,nan,　,nan,nan,無,2ヶ月,敷引 1ヶ月,無,nan,無,2000円,無,無,nan,有、18000円、2年（例）※契約者や条件によっては、内容が変更になる場合があります。,無,nan,nan,町内会費：200円 / 月安心サポート：880円 / 月,nan,2年,nan,nan,nan,ＲＣ,nan,nan,地上4階建,3階部分,1980[S55]年11月,居住中,相談　（2022/11/11退去予定）,都市ガス　 給湯　 追焚機能　 トイレ　 バス・トイレ別　 シャワー　 温水洗浄便座　 収納スペース　 システムキッチン　 洗面所　 洗面台　 シャンプードレッサー　 室内洗濯機置場　 フローリング　 駐輪場　 ２口コンロ　 独立洗面脱衣所　,日当り良好　 閑静住宅街　,"室内、外装リフォーム済み！～初期費用～・鍵交換料: 20,000円(+税)・消毒代: 24,000円(+税)・保険料: 18,000円 2年・保証会社:加入要（ジェイリース）　初回家賃総額80％(更新料無し) or 50％(更新料1万/年)　引落手数料600円/月特約事項・退去時クリーニング代35,000円(+税)・更新事務手数料15,000円(+税)開始日より12ヶ月未満での解約は家賃1ヶ月分を申し受けます。",専任媒介,nan,"
										TEL：092-282-6565
",早良
4.8,99288472,2022年12月06日,2022年12月20日,福岡市早良区小田部１丁目２－１６  mapを見る,サン小田部  103,福岡市空港線室見駅 徒歩18分 小田部１丁目バス停 徒歩4分 駅までmap 福岡市七隈線次郎丸駅 徒歩28分 駅までmap ,40㎡ / 約12.10坪,nan,1LDK,ＬＤＫ12／洋6, 南西,nan,nan,nan,空有　7700円,nan,　,nan,nan,無,無,nan,無,nan,無,3400円,無,nan,nan,有、20000円、2年（例）※契約者や条件によっては、内容が変更になる場合があります。,無,nan,nan,nan,nan,2年,nan,nan,nan,鉄骨造,nan,nan,地上3階建,1階部分,1985[S60]年1月,空家,相談　,プロパンガス　 電気　 上水道　 エアコン　 追焚機能　 シャワー　 温水洗浄便座　 ＣＡＴＶ　 洗面台　 室内洗濯機置場　 ＴＶモニタ付きインターホン　 駐輪場　 インターネット使い放題　,nan,駐車場の空きについては要確認,専任媒介,nan,"
",早良
3.2,97606046,2022年12月06日,2022年12月20日,福岡市早良区祖原１７－８  mapを見る,ローズシャトー  307,福岡市空港線西新駅 徒歩8分 城西３丁目バス停 徒歩4分 駅までmap 福岡市空港線藤崎駅 徒歩11分 駅までmap ,28㎡ / 約8.47坪,nan,1DK,ＤＫ6／和6, 南,nan,nan,nan,無,nan,　,nan,nan,無,無,nan,無,nan,無,無,無,nan,nan,有、18000円、2年（例）※契約者や条件によっては、内容が変更になる場合があります。,無,nan,nan,nan,nan,2年,nan,nan,nan,ＲＣ,nan,nan,地上3階建,3階部分,1979[S54]年6月,空家,相談　,都市ガス　 電気　 上水道　 下水道　 エアコン　 給湯　 バス・トイレ同　 シャワー　 ＣＡＴＶ　 ＢＳ端子　 ガスコンロ設置可　 洗面台　 洗濯機置場　 バルコニー　 インターネット使い放題　,南向き　,お一人暮らしの方にオススメの広々１ＤＫのお部屋ついに空きが出ましたよ！徒歩圏内にスーパー、コンビニ、銀行があり、商店街にも歩いていける距離です！地下鉄西新駅まで徒歩８分！通勤通学にも便利な立地です★学生さん必見！インターネット無料物件ですよ！大通りから一本入った閑静な住宅街にありますので夜も静かにリラックスできます！,専任媒介,nan,"
",早良
2.7,99251215,2022年12月06日,2022年12月20日,福岡市早良区南庄２丁目23-13  mapを見る,ピナクル室見  201,福岡市空港線室見駅 徒歩8分 駅までmap ,20㎡ / 約6.05坪,nan,ワンルーム,nan,nan,nan,nan,nan,nan,nan,　,nan,nan,無,無,nan,無,nan,無,nan,無,有 フォーシーズ※契約者や条件によっては、内容が変更になる場合があります。,nan,有※契約者や条件によっては、内容が変更になる場合があります。,5500円 ,nan,nan,町費：400円 / 月くらしーど２４：880円 / 月月額火災保険（７７０円～）：740円 / 月,nan,1年,nan,nan,nan,木造,nan,nan,地上2階建,2階部分,1992[H4]年1月,空家,相談　,エアコン　 給湯　 トイレ　 バス・トイレ別　 シャワー　 収納スペース　 ガスコンロ設置可　 洗濯機置場　 ロフト　 フローリング　 テラス　,閑静住宅街　 角部屋　,諸条件相談可能,代理,nan,"
",早良
4.9,99317518,2022年12月05日,2022年12月19日,福岡市早良区昭代３丁目7-30  mapを見る,サンライズ  301,福岡市空港線藤崎駅 徒歩13分 駅までmap 福岡市空港線西新駅 徒歩21分 駅までmap 福岡市空港線室見駅 徒歩21分 駅までmap ,壁芯27.96㎡ / 約8.46坪,nan,1K,洋7.5／Ｋ, 西,nan,nan,nan,空無,自走（平置きも含む）,【 屋根状況　屋根あり 】　,nan,nan,無,無,nan,無,nan,無,3000円,無,有 オリコ、全保連、ニッポンインシュア（オリコの審査用紙は物件資料に添付しております。）※契約者や条件によっては、内容が変更になる場合があります。,オリコ初回月額総賃料30％（最低保証料1.5万）月額1％（口座振替手数料込み）,有、5990円、1年、オーナー取扱い保険、金額は目安（例）※契約者や条件によっては、内容が変更になる場合があります。,旧賃料22000円 ,鍵交換代：1万7600円,nan,水町費：3300円 / 月くらしーど２４：880円 / 月,nan,2年,nan,巡回,nan,鉄骨造,nan,nan,地上4階建,3階部分,1998[H10]年4月,居住中,予定　2023年1月下旬,プロパンガス　 エアコン　 給湯　 トイレ　 バス・トイレ別　 シャワー　 温水洗浄便座　 収納スペース　 ガスコンロ設置可　 室内洗濯機置場　 ロフト　 フローリング　 照明器具付き　 バルコニー　 ＴＶモニタ付きインターホン　 駐輪場　 インターネット使い放題　 全居室フローリング　 敷地内ゴミ置き場　,ペット相談可　 小型犬可　 猫可　 事務所使用可　 眺望良好　,"*大型バイク要相談。＊小型犬⇒礼金1か月又は家賃2,000円up⇒退去時消臭代10,000円（税別） 　　  猫⇒礼金2か月又は家賃4,000円up⇒退去時消臭代30,000円（税別）（※ペット飼育時諸条件有。2匹目も相談ください。）弊社しゅうにん株式会社HP⇒仲介業者様⇒最新の空室一覧記載。https://www.shunin.info/contents/category/kuushitu/",代理,nan,"
										TEL：080-7987-6876
",早良
6.0,99300049,2022年12月06日,2022年12月20日,福岡市早良区原４丁目８－８  周辺mapを見る,エスポワールドミ藤崎南  206,福岡市空港線室見駅 徒歩23分 福岡市七隈線次郎丸駅 徒歩29分 福岡市七隈線別府駅 徒歩37分 ,50.03㎡ / 約15.13坪,nan,2LDK,nan, 南,nan,nan,nan,空有,nan,　,nan,nan,無,2ヶ月 / 12万円,nan,無,nan,無,無,無,nan,nan,有、20000円、2年（例）※契約者や条件によっては、内容が変更になる場合があります。,無,nan,nan,nan,nan,2年,nan,nan,nan,ＳＲＣ,nan,nan,地上6階建,2階部分,1976[S51]年10月,空家,相談　,都市ガス　 電気　 上水道　 下水道　 給湯　 トイレ　 バス・トイレ別　 シャワー　 ガスコンロ設置可　 洗面台　 室内洗濯機置場　 フローリング　 バルコニー　 エレベーター　 駐輪場　 防犯カメラ　,南向き　,駐車場の空きについては要確認,専任媒介,nan,"
",早良
3.4,98389286,2022年12月06日,2022年12月20日,福岡市早良区南庄３丁目１４－２２  mapを見る,ウインズ室見  206,福岡市空港線室見駅 徒歩14分 南庄３丁目バス停 徒歩2分 駅までmap 福岡市空港線藤崎駅 徒歩20分 駅までmap ,18.5㎡ / 約5.60坪,nan,1K,Ｋ2／洋5.6, 東,nan,nan,nan,空有　6600円,nan,　,nan,nan,無,無,nan,無,nan,無,2000円,無,nan,nan,有、18000円、2年（例）※契約者や条件によっては、内容が変更になる場合があります。,無,nan,nan,nan,nan,2年,nan,nan,nan,木造,nan,nan,地上2階建,2階部分,1998[H10]年1月,空家,相談　2022年10月27日,プロパンガス　 電気　 上水道　 下水道　 エアコン　 給湯　 トイレ　 バス・トイレ別　 シャワー　 温水洗浄便座　 ＣＡＴＶ　 洗面台　 室内洗濯機置場　 ロフト　 フローリング　 照明器具付き　 バルコニー　,nan,ロフト付きで天井が高いので７帖とは思えない開放感があり過ごしやすいですね。バストイレ別・ミニキッチン付きで水回りも充実してますよ。駐車場の空きについては要確認,専任媒介,nan,"
",早良
2.8,99307320,2022年12月05日,2022年12月19日,福岡市早良区曙２丁目8-2  周辺mapを見る,シャイング曙  203,福岡市空港線西新駅 徒歩16分 ,19.8㎡ / 約5.99坪,nan,1K,洋 6,nan,nan,nan,nan,無,nan,　,nan,nan,無,無,nan,無,nan,無,2000円,無,有 ふれんずサポート保証　最低保証料：２０，０００円※契約者や条件によっては、内容が変更になる場合があります。,nan,有、18000円、2年、ｅ－Ｎｅｔ少額短期（例）※契約者や条件によっては、内容が変更になる場合があります。,無,退去時清掃代：2万2000円,nan,町費：200円 / 月,nan,2年,nan,nan,nan,その他,nan,nan,地上2階建,2階部分,1992[H4]年4月,空家,即時　,都市ガス　 エアコン　 給湯　 トイレ　 バス・トイレ別　 シャワー　 ガスコンロ設置可　 洗濯機置場　 フローリング　 バルコニー　,nan,☆即入居可！☆スーパーまで徒歩３分！郵便局まで徒歩３分！☆敷金礼金ゼロ！☆エアコン設備！※１年未満解約時、違約金賃料２ヵ月分、２年未満解約時、違約金賃料１ヵ月分※保険料は当社目安料金。料金変更可能。,一般媒介,nan,"
",早良
5.8,99316643,2022年12月05日,2022年12月19日,福岡市早良区有田５丁目29-18  mapを見る,ギャラリークラッセ次郎丸  D,福岡市七隈線次郎丸駅 徒歩10分 駅までmap 福岡市七隈線賀茂駅 徒歩11分 駅までmap 福岡市七隈線橋本駅 徒歩19分 駅までmap ,内法37.13㎡ / 約11.23坪,nan,ワンルーム,洋9.4／ロフト4.4,nan,nan,nan,nan,無,nan,　,nan,nan,無,1ヶ月,実費,無,nan,無,2000円,無,有 ジェイリース※契約者や条件によっては、内容が変更になる場合があります。,初回保証料60％,有、18000円、2年、日本共済（例）※契約者や条件によっては、内容が変更になる場合があります。,旧賃料22000円 ,鍵交換代：2万2000円,nan,２４時間サポート：660円 / 月,nan,2年,nan,巡回,nan,木造,nan,nan,地上2階建,1-2階部分（入口：1階）,2018[H30]年10月,居住中,相談　,プロパンガス　 エアコン　 トイレ　 バス・トイレ別　 シャワー　 温水洗浄便座　 ＣＡＴＶ　 ＢＳ端子　 収納スペース　 システムキッチン　 室内洗濯機置場　 浴室乾燥機　 ロフト　 フローリング　 バルコニー　 オートロック　 ＴＶモニタ付きインターホン　 宅配ボックス　 ２口コンロ　 インターネット使い放題　 独立洗面脱衣所　 全居室フローリング　 インターネット対応　 光ファイバー　,ペット不可　 角部屋　,"※物件のお問い合わせは下記担当者携帯までご連絡下さい。FAX番号:(092)707-7099入居時消毒代16,500円（税込）退去時クリーニング代　58,000円（税込）短期解約違約金　1年未満1ヶ月",一般媒介,松森,"
										TEL：080-8592-6749
",早良
3.9,99111328,2022年12月05日,2022年12月19日,福岡市早良区原１丁目39-14  mapを見る,ウイングコート藤崎  301,福岡市空港線藤崎駅 徒歩16分 駅までmap 福岡市空港線室見駅 徒歩20分 駅までmap 福岡市空港線西新駅 徒歩29分 駅までmap ,内法20.29㎡ / 約6.14坪,nan,1K,nan,nan,nan,nan,nan,無,nan,　,nan,nan,無,無,実費,無,nan,無,3000円,無,"有 全保連（初回保証料50％(継続保証料10,000円/年)）※契約者や条件によっては、内容が変更になる場合があります。",nan,有、15000円、2年、賃貸住宅居住者総合保険（例）※契約者や条件によっては、内容が変更になる場合があります。,無,nan,nan,町費：200円 / 月24サポート代：500円 / 月,nan,2年,nan,nan,nan,ＲＣ,nan,nan,地上6階建,3階部分,1989[H1]年1月,空家,相談　,都市ガス　 エアコン　 トイレ　 バス・トイレ同　 シャワー　 収納スペース　 ガスコンロ設置可　 フローリング　 バルコニー　 ルーフバルコニー　 オートロック　 全居室フローリング　,ペット相談可　 小型犬可　 猫可　,"・初期費用 　火災保険料　15,000円～ 　 ※金額につきましてはお問い合わせ下さい。 　鍵交換代　16,500円（税込）　・退去時クリーニング代　55,000円（税込）　故意・過失等による汚損破損等があれば実費精算　・更新事務手数料(2年毎)　16,500円(税込) ・短期解約違約金　1年未満月額総額家賃2ヶ月、1年以上2年未満月額総額家賃1ヶ月分※ペット飼育(小型犬・猫)の場合礼金1ヶ月※エアコンが設置されている場合はサービス設置品となります。",代理,nan,"
",早良
3.7,99271343,2022年12月06日,2022年12月20日,福岡市早良区百道２丁目17-1  周辺mapを見る,レジェール２２  205,福岡市空港線藤崎駅 徒歩6分 福岡市空港線室見駅 徒歩10分 福岡市空港線西新駅 徒歩20分 ,20㎡ / 約6.05坪,nan,1K,nan, 西,nan,nan,nan,無,nan,　,nan,nan,無,無,nan,無,nan,無,無,無,有 全保連株式会社【保証料：月額総賃料の１００％】※契約者や条件によっては、内容が変更になる場合があります。,nan,有、15000円、2年、借家人賠償付火災（例）※契約者や条件によっては、内容が変更になる場合があります。,11000円 ,エアコンクリーニング代：1万1000円消毒代：1万1000円退居時クリーニング代：3万7000円,nan,水道代（定額）：3000円 / 月２４時間安心サポート：880円 / 月,nan,2年,nan,巡回,nan,ＲＣ,nan,nan,地上6階建,2階部分,1995[H7]年6月,空家,即時　,都市ガス　 エアコン　 給湯　 トイレ　 バス・トイレ別　 ＣＡＴＶ　 バルコニー　 エレベーター　 オートロック　 駐輪場　,角部屋　,nan,貸主,nan,"
",早良
3.0,99297253,2022年12月05日,2022年12月19日,福岡市早良区百道１丁目23-3  mapを見る,クリスタル百道  403,福岡市空港線藤崎駅 徒歩6分 駅までmap 福岡市空港線室見駅 徒歩13分 駅までmap 福岡市空港線西新駅 徒歩15分 駅までmap ,20㎡ / 約6.05坪,nan,1DK,nan,無,nan,nan,nan,無,nan,　,nan,nan,無,無,nan,無,nan,無,2000円,無,有 確認ください（全保連　月額合計100％ジェイリース　月額合計80％日本セーフティ：月額合計80％～100％）※契約者や条件によっては、内容が変更になる場合があります。,nan,有、17000円（例）※契約者や条件によっては、内容が変更になる場合があります。,無,鍵交換代：1万6500円,nan,共益費：2000円 / 月水町費：3500円 / 月シード24：840円 / 月口座振替手数料：400円 / 月,定期借家,1年3ヶ月,nan,nan,nan,鉄骨造,nan,nan,地上4階建,4階部分,1988[S63]年6月,空家,即時　,プロパンガス　 エアコン　 給湯　 トイレ　 バス・トイレ別　 収納スペース　 洗面所　 洗濯機置場　 フローリング　 ２口コンロ　,分譲タイプ　 角部屋　 最上階　,★礼金1ヶ月追加で2/1～入居OK★,代理,nan,"
",早良
2.7,99298269,2022年12月05日,2022年12月19日,福岡市早良区原１丁目38-8  mapを見る,ビバリーハウス原  303,福岡市空港線藤崎駅 徒歩18分 駅までmap 福岡市空港線室見駅 徒歩22分 駅までmap 福岡市空港線西新駅 徒歩30分 駅までmap ,壁芯19㎡ / 約5.75坪,nan,1K,Ｋ3／洋7,nan,nan,nan,nan,無,nan,　,nan,nan,無,無,実費,無,nan,無,3000円,無,nan,nan,有※契約者や条件によっては、内容が変更になる場合があります。,無,nan,nan,町費：500円 / 月水道代：3000円 / 月,nan,2年,nan,nan,nan,鉄骨造,nan,nan,地上3階建,3階部分,1988[S63]年5月,空家,即時　,プロパンガス　 エアコン　 給湯　 トイレ　 バス・トイレ別　 シャワー　 ＣＡＴＶ　 収納スペース　 電気コンロ　 洗面所　 室内洗濯機置場　 フローリング　 照明器具付き　 駐輪場　 全居室フローリング　,ペット相談可　 小型犬可　 猫可　 日当り良好　 閑静住宅街　 角部屋　 フリーレント（1ヶ月）　 事務所使用可　,"～契約内容～・鍵交換料：15,000円(+税)・消毒費：10,000円(+税)　※任意・保険料: 18,000円 2年・保証会社: 加入要（ジェイリース）　初回家賃総額80％(更新料無し) or 50％(更新料1万/年)　引落手数料600円/月　　　　　ジェイリース否決の場合は、フォーシーズ・日本セーフティー・退去時クリーニング代30,000円(+税)・更新事務手数料15,000円(+税)/2年開始日より24ヶ月未満での解約は家賃2ヶ月分を申し受けます。※賃料+2,000円で、フリーレント・鍵交換費無料！ペット飼育時、賃料＋2,000円",代理,nan,"
",早良
9.0,99311092,2022年12月06日,2022年12月20日,福岡市早良区室見５丁目1-22  mapを見る,第２門司ビル  605,福岡市空港線室見駅 徒歩1分 駅までmap ,66.43㎡ / 約20.10坪,nan,2SLDK,洋 7･4.9　LDK 13.3　S 3.4, 西,nan,nan,nan,空有　1万3200円,nan,　,nan,nan,無,2ヶ月,nan,無,nan,無,無,無,有 個人契約の場合全保連加入　月額賃料５０％～１００％※契約者や条件によっては、内容が変更になる場合があります。,nan,有、2年、火災保険（例）※契約者や条件によっては、内容が変更になる場合があります。,無,nan,nan,nan,nan,2年,nan,nan,nan,ＲＣ,nan,nan,地上6階建,6階部分,1984[S59]年3月,空家,相談　,都市ガス　 給湯　 追焚機能　 バス・トイレ別　 温水洗浄便座　 ウォークインクローゼット　 シャンプードレッサー　 バルコニー　 エレベーター　 オートロック　 モニター付きオートロック　 駐輪場　 火災報知機　,角部屋　,☆彡全面フルリノベーション物件です！☆彡☆彡全面フルリノベーション物件です！,一般媒介,nan,"
",早良
2.6,99287398,2022年12月05日,2022年12月19日,福岡市早良区次郎丸５丁目14-33  mapを見る,グローバルコーポ  105,福岡市七隈線次郎丸駅 徒歩7分 駅までmap 福岡市七隈線賀茂駅 徒歩7分 駅までmap 福岡市七隈線橋本駅 徒歩17分 駅までmap ,19.61㎡ / 約5.93坪,nan,1K,nan,無,nan,nan,nan,無,nan,　,nan,nan,無,無,nan,無,nan,無,3000円,無,有 確認ください（全保連：月額合計100％ジェイリース：月額合計80％日本セーフティー：月額合計80％～100）※契約者や条件によっては、内容が変更になる場合があります。,nan,有、17000円、2年（例）※契約者や条件によっては、内容が変更になる場合があります。,無,鍵交換代：1万6500円,nan,共益費：3000円 / 月町費：200円 / 月シード24：840円 / 月口座振替手数料：400円 / 月,nan,1年,nan,nan,nan,木造,nan,nan,地上2階建,1階部分,1994[H6]年10月,空家,即時　,プロパンガス　 エアコン　 給湯　 トイレ　 バス・トイレ別　 収納スペース　 洗濯機置場　 ロフト　 フローリング　 インターネット使い放題　 シューズボックス　,角部屋　,退去時クリーニング：26000円,代理,nan,"
",早良
4.2,99307975,2022年12月06日,2022年12月20日,福岡市早良区賀茂３丁目4-5  mapを見る,クリアネス賀茂  103,福岡市七隈線賀茂駅 徒歩4分 駅までmap ,24.64㎡ / 約7.45坪,nan,1K,nan, 東,nan,nan,nan,空無,nan,　,nan,nan,無,無,nan,無,nan,2100円,nan,無,nan,nan,有、11000円、1年、東京海上ウエスト（例）※契約者や条件によっては、内容が変更になる場合があります。,無,カギ交換費用：2万2000円消毒代（任意）：1万1000円退去時清掃代：4万2000円更新事務手数料：1万1000円,nan,町内会費：500円 / 月,nan,2年,nan,nan,nan,ＲＣ,nan,nan,地上8階建,1階部分,2005[H17]年3月,空家,相談　,プロパンガス　 エアコン　 トイレ　 バス・トイレ別　 システムキッチン　 洗面所　 室内洗濯機置場　 浴室乾燥機　 フローリング　 バルコニー　 エレベーター　 オートロック　 ＴＶモニタ付きインターホン　 駐輪場　 24時間換気システム　 ２口コンロ　 インターネット使い放題　 防犯カメラ　 インターネット対応　 シューズボックス　 敷地内ゴミ置き場　,日当り良好　,早良区賀茂1K賃貸マンション。駅近で七隈線「賀茂駅」まで徒歩4分!都心までのアクセスも良好!光インターネット無料!! / 春入居相談,代理,nan,"
",早良
7.9,99058329,2022年12月06日,2022年12月20日,福岡市早良区西新５丁目８－２３  mapを見る,Ｂｉｇ　Ｌｕｃｋ　ｉｎ　西新  302,福岡市空港線西新駅 徒歩5分 修猷館前バス停 徒歩3分 駅までmap 福岡市空港線藤崎駅 徒歩10分 駅までmap ,40.64㎡ / 約12.29坪,nan,1LDK,ＬＤＫ12.3／洋4, 北,nan,nan,nan,無,nan,　,nan,nan,無,1ヶ月 / 7.9万円,nan,無,nan,無,3000円,無,nan,nan,有、20000円、2年（例）※契約者や条件によっては、内容が変更になる場合があります。,無,nan,nan,nan,nan,2年,nan,nan,nan,鉄骨造,nan,nan,地上5階建,3階部分,2013[H25]年5月,空家,相談　,都市ガス　 電気　 上水道　 下水道　 エアコン　 給湯　 追焚機能　 トイレ　 バス・トイレ別　 シャワー　 温水洗浄便座　 ＣＡＴＶ　 システムキッチン　 シャンプードレッサー　 室内洗濯機置場　 フローリング　 バルコニー　 エレベーター　 オートロック　 ＴＶモニタ付きインターホン　 駐輪場　 ２口コンロ　 インターネット使い放題　 独立洗面脱衣所　,nan,インターネット無料ですので、在宅でのお仕事やウェブの授業も安心です！月々のランニングコストを抑えることが出来ますね！,専任媒介,nan,"
",早良
5.0,99291876,2022年12月06日,2022年12月20日,福岡市早良区西新５丁目1-17  mapを見る,アルファコンフォート福岡西新  607,福岡市空港線西新駅 徒歩3分 駅までmap 福岡市空港線唐人町駅 徒歩19分 駅までmap 福岡市空港線藤崎駅 徒歩9分 駅までmap ,20.67㎡ / 約6.25坪,nan,1K,nan, 北,nan,nan,nan,無,nan,　,nan,nan,無,2ヶ月,nan,無,nan,1万円,nan,無,nan,nan,有、18000円、2年（例）※契約者や条件によっては、内容が変更になる場合があります。,無,オゾン消毒費：1万8000円,nan,nan,nan,2年,nan,nan,nan,ＳＲＣ,nan,nan,地上14階建,6階部分,1992[H4]年5月,空家,相談　,都市ガス　 エアコン　 バス・トイレ別　 冷蔵庫　 ＩＨクッキングヒーター　 洗面所　 洗面台　 洗濯機置場　 フローリング　 照明器具付き　 ２面バルコニー　 エレベーター　 宅配ボックス　 駐輪場　 24時間セキュリティ　,角部屋　,nan,貸主,nan,"
",早良
14.5,99302273,2022年12月06日,2022年12月20日,福岡市早良区百道浜３丁目３－６  mapを見る,シーサイドももちヴェルデコート６番館  906,福岡市空港線藤崎駅 徒歩10分 百道中央公園西口バス停 徒歩1分 駅までmap 福岡市空港線西新駅 徒歩16分 駅までmap ,94.47㎡ / 約28.58坪,nan,3LDK,ＬＤＫ20.9／和6／洋6.4／洋4.3, 南,nan,nan,nan,空有,nan,　,nan,nan,1ヶ月 / 14.5万円,2ヶ月 / 29万円,nan,無,nan,無,無,無,nan,nan,有、22000円、2年（例）※契約者や条件によっては、内容が変更になる場合があります。,無,nan,nan,nan,nan,2年,nan,nan,nan,ＳＲＣ,nan,nan,地上14階建,9階部分,1991[H3]年7月,空家,相談　,都市ガス　 電気　 上水道　 下水道　 給湯　 シャワー　 ＣＡＴＶ　 システムキッチン　 シャンプードレッサー　 室内洗濯機置場　 フローリング　 バルコニー　 エレベーター　 オートロック　 ＴＶモニタ付きインターホン　 駐輪場　 ２口コンロ　 独立洗面脱衣所　,分譲タイプ　 南向き　,90平米を越える広さに日当り・風通し良好な物件です！シーサイドももちシリーズなので建物の構造もしっかりしてますね♪♪一度は住んでみたいまち”百道浜”住環境が整っており、ワンランク上の上質空間です！駐車場の空きについては要確認,専任媒介,nan,"
",早良
9.0,98822777,2022年12月06日,2022年12月20日,福岡市早良区城西１丁目１－３１  mapを見る,グローバルマンション  501,福岡市空港線西新駅 徒歩5分 城西１丁目バス停 徒歩3分 駅までmap 福岡市空港線唐人町駅 徒歩16分 駅までmap ,56.7㎡ / 約17.15坪,nan,3LDK,洋5／洋6／和6／ＬＤＫ8, 南東,nan,nan,nan,空有　1万6500円,nan,　,nan,nan,無,1ヶ月 / 9万円,nan,無,nan,無,5000円,無,nan,nan,有、22000円、2年（例）※契約者や条件によっては、内容が変更になる場合があります。,無,nan,nan,nan,nan,2年,nan,nan,nan,ＲＣ,nan,nan,地上5階建,5階部分,1987[S62]年11月,空家,相談　2022年7月29日,都市ガス　 電気　 上水道　 トイレ　 バス・トイレ別　 シャワー　 温水洗浄便座　 ＣＡＴＶ　 室内洗濯機置場　 フローリング　 バルコニー　 エレベーター　 駐輪場　 ２口コンロ　 独立洗面脱衣所　 防犯カメラ　,nan,３口コンロ付きのキッチン、広いバルコニーも魅力的ですね。角部屋なので日当たりも良好です。西新駅徒歩5分の好立地。周辺にはスーパー・コンビニ・ドラックストアなど便利な施設がたくさんあります。駐車場の空きについては要確認,専任媒介,nan,"
",早良
5.5,99125467,2022年12月05日,2022年12月19日,福岡市早良区四箇６丁目8-15  mapを見る,尾崎コーポ  201号,福岡市七隈線賀茂駅 徒歩32分 駅までmap 福岡市七隈線次郎丸駅 徒歩32分 駅までmap 西鉄バス　四箇田公民館前 3分,壁芯64.59㎡ / 約19.54坪,nan,3SDK,洋7.5／洋6／和6／Ｓ1.5／ＤＫ6, 南,1.0,福岡市立四箇田小学校　距離222ｍ,福岡市立金武中学校　距離1107ｍ,空有　駐車場1台無料,nan,　,2台目近隣に確保,nan,2ヶ月 / 11万円,無,敷引 2ヶ月,無,nan,無,nan,無,有 全保連※契約者や条件によっては、内容が変更になる場合があります。,家賃等の１００％又は5０％,有、25000円、2年、あいおいニッセイ同和損保（例）※契約者や条件によっては、内容が変更になる場合があります。,無,nan,nan,nan,nan,2年,nan,nan,nan,木造,nan,nan,地上2階建,2階部分,1988[S63]年9月,空家,即時　,プロパンガス　 給湯　 トイレ　 バス・トイレ別　 シャワー　 温水洗浄便座　 収納スペース　 ウォークインクローゼット　 ガスコンロ設置可　 洗面所　 洗面台　 洗濯機置場　 室内洗濯機置場　 フローリング　 バルコニー　 ルーフバルコニー　 駐輪場　 出窓　 独立洗面脱衣所　 納戸　 浴室に窓　 和室有　 ダブルロックキー　 シューズボックス　 天袋　 押入れ　 キッチンに窓　 ３口コンロ以上　,ペット不可　 二人入居可　 日当り良好　 閑静住宅街　 角部屋　 最上階　 内装リフォーム　 眺望良好　,小学校、幼稚園、保育所すぐ近くに有り小学校、幼稚園、保育所すぐ近くに有り　日当り良好　２階角部屋　駐車場２台目（軽３，０００）近隣に有り,専任媒介,ごとう　かおる,"
										TEL：092-864-3608
",早良
8.8,99276097,2022年12月06日,2022年12月20日,福岡市早良区室見５丁目１－２２  周辺mapを見る,第２門司ビル  ５０１,福岡市空港線室見駅 徒歩1分 ,66.43㎡ / 約20.10坪,nan,3LDK,和 6　洋 8･5　LDK 12,nan,nan,nan,nan,空有　1万3200円,nan,　,nan,nan,無,2ヶ月,nan,無,nan,無,nan,無,有 月額賃料５０％～１００％（全保連）※契約者や条件によっては、内容が変更になる場合があります。,nan,有、21000円、2年（例）※契約者や条件によっては、内容が変更になる場合があります。,無,nan,nan,nan,nan,2年,nan,nan,nan,ＲＣ,nan,nan,地上6階建,5階部分,1984[S59]年3月,空家,相談　,給湯　 バス・トイレ別　 シャワー　 ＣＡＴＶ　 収納スペース　 システムキッチン　 洗面所　 洗面台　 フローリング　 バルコニー　 オートロック　 ＴＶモニタ付きインターホン　,nan,nan,一般媒介,nan,"
",早良
3.5,99247054,2022年12月05日,2022年12月14日,福岡市早良区曙２丁目8-1  mapを見る,リベラル  402,福岡市空港線西新駅 徒歩15分 駅までmap 福岡市七隈線別府駅 徒歩14分 駅までmap 昭代一丁目バス停 徒歩3分 ,内法23.32㎡ / 約7.05坪,nan,1K,洋6.5,nan,nan,福岡市立高取小学校　距離870ｍ,私立中村学園女子中学校　距離702ｍ,無,nan,　,nan,nan,無,無,実費,無,nan,無,2000円,無,有 JPMCファイナンス（家賃クレジットカード支払可能）※契約者や条件によっては、内容が変更になる場合があります。,"月額保証料：賃料等の3％（最低1,500円）　月次事務手数料：440円（税込）",有、16000円、2年、家財保険（例）※契約者や条件によっては、内容が変更になる場合があります。,無,鍵交換代：1万6500円定額クリーニング代：3万3000円ネット初回手数料：3300円,nan,安心サポート料：1650円 / 月水町費：2750円 / 月,nan,2年,nan,巡回,nan,ＲＣ,nan,nan,地上4階建,4階部分,1994[H6]年3月,空家,相談　,都市ガス　 エアコン　 トイレ　 バス・トイレ別　 シャワー　 温水洗浄便座　 収納スペース　 洗濯機置場　 室内洗濯機置場　 照明器具付き　 バルコニー　 ＴＶモニタ付きインターホン　 インターネット使い放題　 インターネット対応　 シューズボックス　 敷地内ゴミ置き場　,ペット不可　 角部屋　,"※写真は同タイプ別住戸の写真となります。現状優先ですのでご了承ください。【入居時必要費用】・定額クリーニング費：33,000円(税込)※退去時のご返金はございません・鍵交換費：16,500円(税込)・ネット利用する場合　初回事務手数料：3,300円(税込)　※月額費用無料【保証会社利用料】　※①もしくは②③選択必須　※事務手数料440円(税込)①月額賃料等合計額の3％（最低1,500円）/月額　(家賃クレジットカード支払可能)②月額賃料等の60％(最低30,000円)/契約時　　更新料：10,000円/1年毎③月額賃料等の80％(最低40,000円)/契約時のみ【その他費用】・更新事務手数料：11,000円(税込)・短期解約違約金（1年未満解約時、賃料等の1ヵ月分）",貸主,nan,"
										TEL：050-1742-4132
",早良
6.0,99294217,2022年12月06日,2022年12月20日,福岡市早良区原４丁目８－８  周辺mapを見る,エスポワールドミ藤崎南  202,福岡市空港線室見駅 徒歩23分 福岡市七隈線次郎丸駅 徒歩29分 福岡市七隈線別府駅 徒歩37分 ,50.03㎡ / 約15.13坪,nan,2LDK,ＬＤＫ10.5／洋6／洋5.5, 南,nan,nan,nan,空有,nan,　,nan,nan,無,2ヶ月 / 12万円,nan,無,nan,無,無,無,nan,nan,有、20000円、2年（例）※契約者や条件によっては、内容が変更になる場合があります。,無,nan,nan,nan,nan,2年,nan,nan,nan,ＳＲＣ,nan,nan,地上6階建,2階部分,1976[S51]年10月,空家,相談　2022年11月11日,都市ガス　 電気　 上水道　 下水道　 給湯　 トイレ　 バス・トイレ別　 シャワー　 温水洗浄便座　 ガスコンロ設置可　 洗面台　 室内洗濯機置場　 フローリング　 バルコニー　 エレベーター　 ＴＶモニタ付きインターホン　 駐輪場　 防犯カメラ　,南向き　,駐車場の空きについては要確認,専任媒介,nan,"
",早良
13.8,99303348,2022年12月05日,2022年12月19日,福岡市早良区城西１丁目５－１８  mapを見る,グランドメゾン西新  502,福岡市空港線西新駅 徒歩6分 城西橋バス停 徒歩1分 駅までmap 福岡市七隈線別府駅 徒歩13分 駅までmap ,71.37㎡ / 約21.59坪,nan,3LDK,nan, 南西,nan,nan,nan,空有　1万6500円,nan,　,nan,4万5000円,1ヶ月 / 13.8万円,2ヶ月 / 27.6万円,nan,無,nan,無,無,無,nan,nan,有、22000円、2年（例）※契約者や条件によっては、内容が変更になる場合があります。,無,nan,nan,nan,nan,2年,nan,nan,nan,ＳＲＣ,nan,nan,地上14階建,5階部分,1997[H9]年10月,空家,相談　,都市ガス　 電気　 上水道　 下水道　 給湯　 トイレ　 バス・トイレ別　 シャワー　 温水洗浄便座　 ＣＡＴＶ　 システムキッチン　 シャンプードレッサー　 室内洗濯機置場　 フローリング　 バルコニー　 エレベーター　 オートロック　 ＴＶモニタ付きインターホン　 宅配ボックス　 駐輪場　 ２口コンロ　 独立洗面脱衣所　 防犯カメラ　,nan,駐車場の空きについては要確認,専任媒介,nan,"
",早良
4.2,98803314,2022年12月05日,2022年12月19日,福岡市早良区飯倉２丁目8-22  mapを見る,ラ・クラッセ飯倉Ⅱ  102,福岡市七隈線茶山駅 徒歩13分 駅までmap 飯倉一丁目バス停 徒歩3分 福岡市七隈線別府駅 徒歩19分 駅までmap ,25.2㎡ / 約7.62坪,nan,1K,洋5.8／Ｋ3.7, 東,nan,nan,nan,無,nan,　,nan,nan,無,無,nan,無,nan,無,4500円,無,有 アシスト保証※契約者や条件によっては、内容が変更になる場合があります。,nan,有※契約者や条件によっては、内容が変更になる場合があります。,旧賃料22000円 ,退去時清掃代：5万5000円安心サポート入会金：5000円鍵交換代：1万9800円,nan,安心サポート（保険）：1500円 / 月,nan,2年,nan,巡回,nan,木造,nan,nan,地上2階建,1-2階部分（入口：1階）,2012[H24]年1月,空家,即時　,プロパンガス　 エアコン　 給湯　 トイレ　 バス・トイレ別　 シャワー　 温水洗浄便座　 収納スペース　 システムキッチン　 洗面所　 洗面台　 シャンプードレッサー　 室内洗濯機置場　 ロフト　 フローリング　 ＴＶモニタ付きインターホン　 独立洗面脱衣所　 防犯セキュリティ　,ペット不可　 日当り良好　 閑静住宅街　 メゾネット　,"当社の空室資料はこちらからダウンロードできます。ＩＤ、ＰＡＳＳは直接ご連絡下さい！！【ゼロ不動産管理ホームページ】http://www.zerokanri.co.jp/trader/index.html【初期費用】鍵交換代：19,800円  16,500円 ※物件により異なります。消毒代：13,750円 19,800 ※間取りで異なります。保証会社：保証人有40％ ※月額賃料50,000未満の場合 最低保証料 20,000　保証人無50％ ※月額賃料50,000未満の場合 最低保証料 25,000事務手数料：13,200円安心サポート：初回入会金5,000円　　月額1,500円 月額1.800 ※間取りで変更あり※安心サポートには24時間緊急サポートと家財保険が含まれます。",代理,nan,"
",早良
6.3,99278085,2022年12月05日,2022年12月19日,福岡市早良区原３丁目1番7号  mapを見る,ウェークハイツ冨田  101号,福岡市空港線藤崎駅 徒歩13分 駅までmap 原一丁目バス停 徒歩5分 ,64.71㎡ / 約19.57坪,nan,2LDK,和6／洋／ＬＤＫ,nan,nan,福岡市立大原小学校　距離376ｍ,福岡市立原中央中学校　距離722ｍ,空有　8000円,nan,　,nan,nan,無,2ヶ月,nan,無,nan,無,3000円,無,有 JID※契約者や条件によっては、内容が変更になる場合があります。,nan,有、20000円、2年（例）※契約者や条件によっては、内容が変更になる場合があります。,nan,nan,nan,nan,nan,2年,nan,nan,nan,ＲＣ,nan,nan,地上4階建,1階部分,1990[H2]年7月,空家,即時　,給湯　 トイレ　 バス・トイレ別　 シャワー　 ＣＡＴＶ　 ＢＳ端子　 収納スペース　 シャンプードレッサー　 室内洗濯機置場　 バルコニー　 和室有　 シューズボックス　 押入れ　,ペット不可　,nan,専任媒介,nan,"
",早良
7.0,99305426,2022年12月06日,2022年12月20日,福岡市早良区賀茂１丁目４１－１  mapを見る,セレーノ賀茂  305,福岡市七隈線賀茂駅 徒歩9分 駅までmap 福岡市七隈線野芥駅 徒歩12分 駅までmap 福岡市七隈線次郎丸駅 徒歩17分 駅までmap ,69.72㎡ / 約21.09坪,nan,3LDK,ＬＤＫ12／洋6／洋6／洋6, 南,nan,nan,nan,空有　5500円,nan,　,nan,nan,無,2ヶ月 / 14万円,nan,無,nan,無,3500円,無,nan,nan,有、22000円、2年（例）※契約者や条件によっては、内容が変更になる場合があります。,無,nan,nan,nan,nan,2年,nan,nan,nan,ＲＣ,nan,nan,地上3階建,3階部分,1990[H2]年10月,空家,相談　,都市ガス　 電気　 上水道　 下水道　 給湯　 トイレ　 バス・トイレ別　 シャワー　 シャンプードレッサー　 室内洗濯機置場　 バルコニー　 駐輪場　 出窓　 独立洗面脱衣所　,南向き　,駐車場の空きについては要確認,専任媒介,nan,"
",早良
6.9,99308843,2022年12月05日,2022年12月19日,福岡市早良区賀茂２丁目34-20  mapを見る,アドバンス賀茂南  203,福岡市七隈線賀茂駅 徒歩7分 駅までmap 福岡市七隈線野芥駅 徒歩8分 駅までmap 福岡市七隈線次郎丸駅 徒歩18分 駅までmap ,内法40.5㎡ / 約12.25坪,nan,2LDK,ＬＤＫ10.4／洋3.5／洋4.6,nan,nan,nan,nan,空有　7700円,nan,　,nan,nan,無,無,実費,無,nan,無,4000円,無,有 ジェイリース※契約者や条件によっては、内容が変更になる場合があります。,初回保証料60%,有、15000円、2年、フレックス少額短期保険（例）※契約者や条件によっては、内容が変更になる場合があります。,旧賃料22000円 ,鍵交換代：2万2000円,nan,２４時間サポート：660円 / 月町費：500円 / 月,nan,2年,nan,巡回,nan,木造,nan,nan,地上3階建,2階部分,2019[R1]年5月,居住中,相談　,プロパンガス　 エアコン　 追焚機能　 トイレ　 バス・トイレ別　 シャワー　 温水洗浄便座　 収納スペース　 システムキッチン　 室内洗濯機置場　 フローリング　 バルコニー　 オートロック　 ＴＶモニタ付きインターホン　 ２口コンロ　 インターネット使い放題　 独立洗面脱衣所　 全居室フローリング　 シューズボックス　,ペット不可　 角部屋　,"※物件のお問い合わせは下記担当者携帯までご連絡下さい。FAX番号:(092)707-7099入居時消毒代16,500円（税込）退去時クリーニング代　75,900円（税込）短期解約違約金　1年未満2か月　1年以上2年未満1ヶ月",一般媒介,松森,"
										TEL：080-8592-6749
",早良
6.3,99291964,2022年12月06日,2022年12月20日,福岡市早良区田隈３丁目２５－２２  mapを見る,第一中村ビル  103,福岡市七隈線賀茂駅 徒歩17分 田隈小学校前バス停 徒歩8分 駅までmap 福岡市七隈線野芥駅 徒歩18分 駅までmap ,47.16㎡ / 約14.27坪,nan,2LDK,ＬＤＫ10.5／洋4.8／洋4, 南,nan,nan,nan,空有　6050円,nan,　,nan,nan,無,2ヶ月 / 12.6万円,nan,無,nan,無,3000円,無,nan,nan,有、20000円、2年（例）※契約者や条件によっては、内容が変更になる場合があります。,無,nan,nan,nan,nan,2年,nan,nan,nan,ＲＣ,nan,nan,地上3階建,1階部分,1976[S51]年5月,空家,相談　2022年10月8日,都市ガス　 電気　 上水道　 下水道　 エアコン　 追焚機能　 トイレ　 バス・トイレ別　 シャワー　 温水洗浄便座　 ＣＡＴＶ　 システムキッチン　 室内洗濯機置場　 バルコニー　 ＴＶモニタ付きインターホン　 駐輪場　 ２口コンロ　 インターネット使い放題　 独立洗面脱衣所　,南向き　,閑静な住宅街にございますので、静かな環境で生活がお送りできます。南向きで日当たり良好なので、お洗濯ものがしっかりと乾きます。お部屋も明るくて、冬の寒さ対策にもなりますね！駐車場の空きについては要確認,専任媒介,nan,"
",早良
3.5,98238704,2022年12月06日,2022年12月20日,福岡市早良区西新３丁目１２－６  mapを見る,西新コーポラス  102,福岡市空港線西新駅 徒歩3分 西南学院大学前バス停 徒歩2分 駅までmap 福岡市空港線藤崎駅 徒歩13分 駅までmap ,25.11㎡ / 約7.60坪,nan,1DK,和6／ＤＫ4.5, 南,nan,nan,nan,空有　1万1000円,nan,　,nan,nan,無,1ヶ月 / 3.5万円,nan,無,nan,無,2000円,無,nan,nan,有、18000円、2年（例）※契約者や条件によっては、内容が変更になる場合があります。,無,nan,nan,nan,nan,2年,nan,nan,nan,ＲＣ,nan,nan,地上3階建,1階部分,1984[S59]年3月,空家,相談　,プロパンガス　 電気　 上水道　 給湯　 バス・トイレ同　 シャワー　 ＣＡＴＶ　 洗面台　 室内洗濯機置場　 インターネット使い放題　,南向き　,キッチンもまな板が置ける使い勝手の良いタイプでお料理もらくらく。駐車場の空きについては要確認,専任媒介,nan,"
",早良
7.5,99197086,2022年12月06日,2022年12月20日,福岡市早良区南庄１丁目9-13  mapを見る,エクシード室見  202,福岡市空港線室見駅 徒歩12分 駅までmap 福岡市空港線藤崎駅 徒歩18分 駅までmap 筑肥線姪浜駅 徒歩26分 駅までmap 西鉄バス南庄停徒歩4分,56.34㎡ / 約17.04坪,nan,2LDK,ＤＫ／洋／和6, 北東,nan,nan,nan,空有　4500円,nan,　,nan,nan,1ヶ月,2ヶ月,nan,無,nan,5000円,nan,無,nan,nan,有、22000円、2年（例）※契約者や条件によっては、内容が変更になる場合があります。,無,オゾン消毒費：1万8000円,nan,nan,nan,2年,nan,nan,nan,ＲＣ,nan,nan,地上4階建,2階部分,1985[S60]年11月,空家,相談　,都市ガス　 バス・トイレ別　 ＣＡＴＶ　 洗面台　 室内洗濯機置場　 フローリング　 バルコニー　 ２面バルコニー　 24時間セキュリティ　,日当り良好　 分譲タイプ　,nan,代理,nan,"
",早良
4.5,99306751,2022年12月05日,2022年12月19日,福岡市早良区荒江２丁目9-14  mapを見る,セラフィン西新南  706,福岡市空港線西新駅 徒歩22分 駅までmap 福岡市七隈線金山駅 徒歩23分 駅までmap 荒江四角バス停 徒歩3分 ,壁芯27㎡ / 約8.17坪,nan,1K,洋9, 南,nan,nan,nan,空有　1万2000円,nan,　,空き状況はその都度ご確認をお願いします。,nan,無,無,実費,無,nan,無,無,無,有 全保連（保証料：家賃総額の５０％(毎年1万円）又は100％をお選び頂けます。）※契約者や条件によっては、内容が変更になる場合があります。,nan,有、16000円、2年（例）※契約者や条件によっては、内容が変更になる場合があります。,無,鍵交換費用：1万6500円OL解除キー保証金：1万円消毒料：1万1000円,nan,水道代(定額）：3000円 / 月町費：250円 / 月,nan,2年,nan,巡回,nan,ＲＣ,nan,nan,地上10階建,7階部分,1994[H6]年1月,空家,即時　,エアコン　 給湯　 トイレ　 バス・トイレ別　 シャワー　 温水洗浄便座　 ＣＡＴＶ　 ＢＳ端子　 ＣＳ　 収納スペース　 ＩＨクッキングヒーター　 洗面所　 洗濯機置場　 室内洗濯機置場　 フローリング　 バルコニー　 エレベーター　 オートロック　 ＴＶモニタ付きインターホン　 宅配ボックス　 駐輪場　 オール電化　 バイク置場(屋外）　 独立洗面脱衣所　 防犯カメラ　 火災報知機　 全居室フローリング　 インターネット対応　 シューズボックス　 敷地内ゴミ置き場　,ペット不可　 日当り良好　 眺望良好　 保証人不要　,☆敷地内コインパーキングもあり！！◎解約時に清掃料として4万円（税別）が必要です。故意過失は別途実費。,一般媒介,賃貸部携帯,"
										TEL：090-4511-0555
",早良
3.5,97674994,2022年12月06日,2022年12月20日,福岡市早良区西新３丁目１２－６  mapを見る,西新コーポラス  103,福岡市空港線西新駅 徒歩3分 西南学院大学前バス停 徒歩2分 駅までmap 福岡市空港線藤崎駅 徒歩13分 駅までmap ,25.11㎡ / 約7.60坪,nan,1DK,和6／ＤＫ4.5, 南,nan,nan,nan,空有　1万1000円,nan,　,nan,nan,無,1ヶ月 / 3.5万円,nan,無,nan,無,2000円,無,nan,nan,有、18000円、2年（例）※契約者や条件によっては、内容が変更になる場合があります。,無,nan,nan,nan,nan,2年,nan,nan,nan,ＲＣ,nan,nan,地上3階建,1階部分,1984[S59]年3月,空家,相談　,プロパンガス　 電気　 上水道　 エアコン　 給湯　 バス・トイレ同　 シャワー　 ＣＡＴＶ　 洗面台　 室内洗濯機置場　 インターネット使い放題　,南向き　,人気の福岡市早良区西新地区の、１ＤＫのご紹介♪ひろーいキッチンはお料理好きな方に超オススメ！西南学院大学まで徒歩3分の立地も人気の秘密！！地下鉄西新駅まで徒歩3分！改札までも5分で行けますよ！通勤・通学も時間を短縮できるので、その分、朝はゆっくりしましょう★◎ドンキホーテ徒歩２分◎吉村病院徒歩１分◎西日本シティ銀行徒歩３分◎佐賀銀行徒歩３分◎コイン駐車場徒歩１分駐車場の空きについては要確認,専任媒介,nan,"
",早良
4.1,99287634,2022年12月05日,2022年12月13日,福岡市早良区百道２丁目１４番９号  mapを見る,セントラルビレッジ百道  5006,福岡市空港線藤崎駅 徒歩3分 駅までmap ,27.2㎡ / 約8.23坪,nan,1DK,ＤＫ5／洋6, 南東 4.16㎡,nan,nan,nan,空有　9000円,nan,　,nan,nan,1.8万円,4.1万円,nan,無,nan,無,2000円,無,有,全保連株式会社　初回50％更新有（1年毎1万円）。学生は初回1万円更新有（1年毎1万円）。,有、15000円、2年（例）※契約者や条件によっては、内容が変更になる場合があります。,無,鍵交換代（入居時）：1万4300円,nan,水道代（定額）：2300円 / 月町費：200円 / 月,nan,1年,nan,nan,nan,ＲＣ,nan,nan,地上5階建,5階部分,1988[S63]年2月,空家,相談　,エアコン　 トイレ　 バス・トイレ別　 システムキッチン　 ＩＨクッキングヒーター　 室内洗濯機置場　 フローリング　 バルコニー　 エレベーター　 オートロック　 駐輪場　 オール電化　 タンク式電気給湯器　 インターネット使い放題　 防犯カメラ　 シューズボックス　 押入れ　,ペット不可　,オール電化・広めのキッチン♪※敷地内駐車場空き有。屋根無９０００円、屋根有１００００円。サイズ要確認。リモコン保証料１８０００円。,専任媒介,nan,"
",早良
6.5,99308009,2022年12月06日,2022年12月20日,福岡市早良区百道１丁目２０－３  mapを見る,ドゥエム百道  301,福岡市空港線藤崎駅 徒歩5分 駅までmap 福岡市空港線室見駅 徒歩13分 駅までmap 福岡市空港線西新駅 徒歩15分 駅までmap ,41.35㎡ / 約12.51坪,nan,2DK,nan,nan,nan,nan,nan,空有　1万3200円,nan,　,nan,2万4000円,3ヶ月 / 19.5万円,無,敷引 3ヶ月19.5万円 ,無,nan,無,5000円,無,nan,nan,有、20000円、2年（例）※契約者や条件によっては、内容が変更になる場合があります。,無,nan,nan,nan,nan,2年,nan,nan,nan,ＲＣ,nan,nan,地上4階建,3階部分,1996[H8]年3月,空家,相談　,都市ガス　 電気　 上水道　 エアコン　 給湯　 トイレ　 バス・トイレ別　 シャワー　 ＣＡＴＶ　 ＢＳ端子　 シャンプードレッサー　 室内洗濯機置場　 エレベーター　 オートロック　 駐輪場　 独立洗面脱衣所　,nan,藤崎駅まで徒歩５分の良い立地です！！日当たりも良好で子育てしやすい環境です。コンビニもスーパーも徒歩圏内です。警察署が横にあるのも嬉しいですね！！駐車場の空きについては要確認,専任媒介,nan,"
",早良
6.3,98710628,2022年12月05日,2022年12月19日,福岡市早良区西新４丁目３－２０  mapを見る,フェリクス西新  902,福岡市空港線西新駅 徒歩1分 西新４丁目バス停 徒歩1分 駅までmap ,35.55㎡ / 約10.75坪,nan,ワンルーム,洋14,nan,nan,nan,nan,空無,nan,　,nan,nan,無,1ヶ月 / 6.3万円,nan,無,nan,無,2150円,無,nan,nan,有、18000円、2年（例）※契約者や条件によっては、内容が変更になる場合があります。,無,nan,nan,nan,nan,2年,nan,nan,nan,ＳＲＣ,nan,nan,地上13階建,9階部分,1996[H8]年3月,空家,相談　,都市ガス　 電気　 上水道　 下水道　 エアコン　 給湯　 トイレ　 バス・トイレ別　 シャワー　 ＣＡＴＶ　 室内洗濯機置場　 フローリング　 バルコニー　 エレベーター　 オートロック　 駐輪場　 防犯カメラ　,nan,オートロック・エレベーター完備。もちろん駐車場もございます。駐車場の空きについては要確認,専任媒介,nan,"
",早良
6.3,99281182,2022年12月06日,2022年12月20日,福岡市早良区弥生１丁目５－１６  mapを見る,メゾン・ド・マルス  207,福岡市空港線藤崎駅 徒歩6分 弥生１丁目バス停 徒歩1分 駅までmap 福岡市空港線室見駅 徒歩10分 駅までmap ,38.54㎡ / 約11.66坪,nan,2DK,洋6／洋6.1／ＤＫ5, 南,nan,nan,nan,空有　8800円,nan,　,nan,nan,無,2ヶ月 / 12.6万円,nan,無,nan,無,5000円,無,nan,nan,有、20000円、2年（例）※契約者や条件によっては、内容が変更になる場合があります。,無,nan,nan,nan,nan,2年,nan,nan,nan,ＲＣ,nan,nan,地上5階建,2階部分,1996[H8]年4月,空家,相談　2022年11月29日,都市ガス　 電気　 上水道　 エアコン　 給湯　 バス・トイレ別　 シャワー　 ＣＡＴＶ　 ＢＳ端子　 シャンプードレッサー　 室内洗濯機置場　 フローリング　 エレベーター　 オートロック　 ＴＶモニタ付きインターホン　 宅配ボックス　 駐輪場　 インターネット使い放題　 独立洗面脱衣所　 防犯カメラ　,リノベーション　 南向き　,近隣にコンビニがあるのでとても便利ですよ♪焼き鳥屋さんやおいしい餃子屋さんもあるので華金は選び放題ですね！　スーパーもあるので利便性ばっちりです！駐車場の空きについては要確認,専任媒介,nan,"
",早良
2.2,99048512,2022年12月05日,2022年12月19日,福岡市早良区昭代２丁目2-26  mapを見る,グランピア西新  205,福岡市空港線藤崎駅 徒歩11分 駅までmap 福岡市空港線西新駅 徒歩13分 駅までmap 福岡市空港線室見駅 徒歩21分 駅までmap ,壁芯17.11㎡ / 約5.18坪,nan,1K,nan, 2.68㎡,nan,福岡市立高取小学校　距離169ｍ,福岡市立高取中学校　距離1358ｍ,無,nan,　,nan,nan,無,無,実費,無,nan,無,3500円,無,"有 全保連（初回保証料50％(継続保証料10,000円/年)）※契約者や条件によっては、内容が変更になる場合があります。",nan,有、15000円、2年、火災保険（例）※契約者や条件によっては、内容が変更になる場合があります。,無,nan,nan,nan,nan,2年,nan,nan,nan,ＲＣ,nan,nan,地上4階建,2階部分,1989[H1]年11月,空家,相談　,給湯　 トイレ　 バス・トイレ同　 シャワー　 収納スペース　 冷蔵庫　 ＩＨクッキングヒーター　 洗面台　 室内洗濯機置場　 フローリング　 バルコニー　 オートロック　 駐輪場　 オール電化　 全居室フローリング　 インターネット対応　 シューズボックス　,ペット不可　 日当り良好　 閑静住宅街　 外観タイル張り　 フリーレント　,"初期費用火災保険 2年 15,000円～※金額につきましてはお問い合わせ下さい。入居時事務手数料有り鍵交換代 19,800円更新事務手数料 16,500円/2年間退去時クリーニング　55,000円違約金　1年未満/家賃等月額合計の2ヶ月分　　　　1年以上2年未満/家賃等月額合計の1ヶ月分サービス設置品：エアコン1台※町費１年分前払い　（ 2,400円/年※請求書払い ）※間取等現況と異なる場合は、現況を優先します。※J:COM、NTT西日本のインターネットに対応(利用にはインターネット業者との契約が必要、別途利用料が発生します)",代理,nan,"
",早良
2.9,99311187,2022年12月05日,2022年12月19日,福岡市早良区原４丁目８－８  周辺mapを見る,エスポワールドミ藤崎南  218,福岡市空港線室見駅 徒歩23分 原４丁目バス停 徒歩6分 福岡市七隈線次郎丸駅 徒歩29分 ,16.77㎡ / 約5.07坪,nan,ワンルーム,洋7.5, 北,nan,nan,nan,空有,nan,　,nan,nan,無,無,nan,無,nan,無,無,無,nan,nan,有、18000円、2年（例）※契約者や条件によっては、内容が変更になる場合があります。,無,nan,nan,nan,nan,2年,nan,nan,nan,ＳＲＣ,nan,nan,地上6階建,2階部分,1976[S51]年10月,空家,相談　,電気　 上水道　 下水道　 エアコン　 給湯　 トイレ　 バス・トイレ同　 シャワー　 洗面台　 室内洗濯機置場　 フローリング　 バルコニー　 エレベーター　 ＴＶモニタ付きインターホン　 駐輪場　 防犯カメラ　,nan,駐車場の空きについては要確認,専任媒介,nan,"
",早良
4.0,99222633,2022年12月05日,2022年12月19日,福岡市早良区西新３丁目10-20  mapを見る,西新西城コーポ  301,福岡市空港線西新駅 徒歩2分 駅までmap ,28.65㎡ / 約8.67坪,nan,ワンルーム,洋11,nan,nan,nan,nan,無,nan,　,nan,nan,無,1ヶ月 / 4万円,実費,無,nan,無,2000円,無,有 全保連、フォーシーズ※契約者や条件によっては、内容が変更になる場合があります。,nan,有※契約者や条件によっては、内容が変更になる場合があります。,無,鍵交換代：1万2100円,nan,nan,nan,1年,nan,巡回,nan,鉄骨造,nan,nan,地上3階建,3階部分,1999[H11]年3月,空家,相談　,プロパンガス　 エアコン　 給湯　 トイレ　 バス・トイレ別　 シャワー　 ＣＡＴＶ　 ＢＳ端子　 収納スペース　 ガスコンロ設置可　 洗面台　 室内洗濯機置場　 フローリング　 駐輪場　 防犯カメラ　,ペット不可　 角部屋　 最上階　,nan,一般媒介,nan,"
",早良
5.8,99186343,2022年12月05日,2022年12月19日,福岡市早良区飯倉２丁目9-39  mapを見る,尾形ビル  ３０２号室,福岡市七隈線金山駅 徒歩19分 駅までmap 福岡市七隈線別府駅 バス7分 飯倉一丁目バス停 徒歩3分 駅までmap 福岡市空港線西新駅 バス10分 飯倉一丁目バス停 徒歩3分 駅までmap ,壁芯57.33㎡ / 約17.34坪,nan,3LDK,ＬＤＫ8／和6／和6／洋6,nan,nan,福岡市立飯倉中央小学校　距離674ｍ,福岡市立原中学校　距離1006ｍ,無,nan,　,nan,nan,無,2ヶ月,nan,無,nan,無,nan,無,有 オリコフォレントインシュア（更新料10000円（１年毎））※契約者や条件によっては、内容が変更になる場合があります。,初回保証料50％,有、12500円、1年、少額短期（例）（例）※契約者や条件によっては、内容が変更になる場合があります。,nan,鍵交換費用（契約時）：1万6500円消毒代（契約時）：1万5400円室内清掃代（入居時）：4万4000円更新手数料（更新時）：1万1000円,nan,ライフサポート：800円 / 月集金手数料：220円 / 月,nan,2年,nan,nan,nan,ＲＣ,nan,nan,地上3階建,3階部分,1985[S60]年10月,空家,即時　,都市ガス　 給湯　 トイレ　 バス・トイレ別　 シャワー　 収納スペース　 洗面所　 洗濯機置場　 室内洗濯機置場　 フローリング　 駐輪場　 独立洗面脱衣所　 和室有　,ペット不可　 最上階　,１年以内の解約は違約金１ヶ月、退去精算：故意過失のみ実費精算,一般媒介,nan,"
",早良
7.7,99309917,2022年12月05日,2022年12月19日,福岡市早良区重留１丁目1-31  mapを見る,キャメロットリブ  405,福岡市七隈線野芥駅 バス5分 西鉄バス 早良妙見西口バス停 徒歩2分 駅までmap ,壁芯60.14㎡ / 約18.19坪,nan,2SLDK,ＬＤＫ13／洋6／洋6／Ｓ2.3,nan,nan,入部　距離1900ｍ,金武　距離2500ｍ,空有　7150円,自走（平置きも含む）,　,nan,nan,3ヶ月,無,敷引 3ヶ月,無,nan,無,5500円,無,有 全保連※契約者や条件によっては、内容が変更になる場合があります。,50％か100％,有、20000円、2年、フレックス少額短期保険（例）※契約者や条件によっては、内容が変更になる場合があります。,nan,nan,nan,町費：500円 / 月,nan,2年,nan,巡回,nan,ＲＣ,nan,nan,地上9階建,4階部分,2006[H18]年2月,空家,即時　,プロパンガス　 エアコン　 給湯　 追焚機能　 トイレ　 バス・トイレ別　 温水洗浄便座　 収納スペース　 カウンターキッチン　 洗面所　 シャンプードレッサー　 室内洗濯機置場　 フローリング　 ２面バルコニー　 エレベーター　 オートロック　 ＴＶモニタ付きインターホン　 宅配ボックス　 駐輪場　 ２口コンロ　 防犯カメラ　 浴室に窓　,ペット不可　 二人入居可　 閑静住宅街　 角部屋　 眺望良好　,角部屋♪　周辺はコンビニ・薬局・ サニー・飲食店等充実しています♪,一般媒介,古澤　健太郎,"
",早良
6.0,99309753,2022年12月06日,2022年12月20日,福岡市早良区室見２丁目6-5  周辺mapを見る,山田ハイツ  103,福岡市空港線室見駅 徒歩9分 ,59㎡ / 約17.85坪,nan,3DK,和 6　洋 6･6　DK 8,nan,nan,nan,nan,空有　9900円,nan,　,nan,nan,無,1ヶ月,nan,無,nan,2000円,nan,無,有 ジェイリース　賃料総額５０％（月額保証料を除く）※契約者や条件によっては、内容が変更になる場合があります。,nan,有、20000円、2年、あいおいニッセイ同和損保（例）※契約者や条件によっては、内容が変更になる場合があります。,無,駐輪ステッカー１台：100円,nan,月額保証料：1000円 / 月町費：200円 / 月,定期借家,8年,nan,nan,nan,ＲＣ,nan,nan,地上4階建,1階部分,1981[S56]年1月,空家,相談　,都市ガス　 給湯　 トイレ　 バス・トイレ別　 シャワー　 温水洗浄便座　 ＣＡＴＶ　 収納スペース　 ガスコンロ設置可　 洗面台　 洗濯機置場　 室内洗濯機置場　 フローリング　 バルコニー　 ＴＶモニタ付きインターホン　 駐輪場　 火災報知機　,二人入居可　 閑静住宅街　,☆室見小・高取中校区！☆温水洗浄便座新設☆全居室収納スペースあり！☆ダイソーまで徒歩２分☆モニター付きインターホン設備で防犯面も安心☆目の前には公園があります＾＾※写真は別部屋※現況優先※定期建物賃貸借契約：８年（再契約不可）※２年未満解約時、違約金賃料１ヵ月分※月額保証料には口座振替手数料と２４時間サポート料を含む,一般媒介,nan,"
",早良
5.5,99318929,2022年12月06日,2022年12月20日,福岡市早良区四箇６丁目８－１５  周辺mapを見る,尾崎コーポ  ２０１,四箇田公民館前バス停 徒歩3分 ,64.59㎡ / 約19.54坪,nan,3SDK,和 6　洋 7.5･6　DK 6　S 1.5, 南,nan,nan,nan,空有　駐車場２台分　駐車場代無料,nan,　,nan,nan,2ヶ月,無,敷引 2ヶ月,無,nan,無,無,無,有 保証料　月額賃料の１００％（又は５０％）＋連帯保証人（身内の有職者）※契約者や条件によっては、内容が変更になる場合があります。,nan,有、25000円、2年、火災（例）※契約者や条件によっては、内容が変更になる場合があります。,無,nan,nan,nan,nan,2年,nan,nan,nan,木造,nan,nan,地上2階建,2階部分,1988[S63]年9月,空家,即時　,プロパンガス　 給湯　 トイレ　 バス・トイレ別　 シャワー　 温水洗浄便座　 収納スペース　 ウォークインクローゼット　 ガスコンロ設置可　 洗面所　 洗面台　 洗濯機置場　 室内洗濯機置場　 フローリング　 ルーフバルコニー　 駐輪場　 出窓　,二人入居可　 閑静住宅街　 角部屋　 最上階　,南向き・日当り良好　広々洋間有り小学校　幼稚園至近　納戸あり　ペット不可　Ｐもう１台近隣に有り（軽３，０００）一度内見下さい。,専任媒介,ごとう　かおる,"
										TEL：092-864-3608
",早良
6.5,99309735,2022年12月06日,2022年12月20日,福岡市早良区南庄４丁目6  mapを見る,室見団地　６棟  304,福岡市空港線室見駅 徒歩14分 西鉄室見団地西口バス停 徒歩3分 駅までmap 筑肥線姪浜駅 徒歩21分 駅までmap ,63.02㎡ / 約19.06坪,nan,3LDK,和 6･6･4.5　LDK 14, 南,nan,nan,nan,空有　4500円,nan,　,nan,nan,1ヶ月,無,敷引 1ヶ月,無,nan,無,無,無,有 全保連、日本セーフティー、Ｃａｓａ※契約者や条件によっては、内容が変更になる場合があります。,nan,有、15000円、2年、借家人賠償付火災（例）※契約者や条件によっては、内容が変更になる場合があります。,11000円 ,消毒代：1万1000円,nan,２４時間安心サポート：880円 / 月,nan,2年,nan,nan,nan,ＲＣ,nan,nan,地上4階建,3階部分,1975[S50]年5月,空家,相談　,都市ガス　 給湯　 トイレ　 バス・トイレ別　 シャワー　 温水洗浄便座　 ガスコンロ設置可　 シャンプードレッサー　 室内洗濯機置場　 ディンプルキー　 ２面バルコニー　 駐輪場　,分譲タイプ　,・エアコンはサービス品の為、掃除・修理等のメンテナンス費用は借主負担。・インターネットは、Ｊ：ＣＯＭ・ＮＴＴ光の利用が可能です（個人契約）,専任媒介,nan,"
",早良
7.2,98735212,2022年12月06日,2022年12月20日,福岡市早良区飯倉２丁目２４－４０  mapを見る,ヴェル・ジューヌ飯倉  204,福岡市七隈線別府駅 徒歩20分 福陵町バス停 徒歩2分 駅までmap 福岡市空港線藤崎駅 徒歩22分 駅までmap ,42.75㎡ / 約12.93坪,nan,2LDK,ＬＤＫ9.9／洋5.4／洋4.5, 西,nan,nan,nan,空無,nan,　,nan,nan,無,2ヶ月 / 14.4万円,nan,無,nan,無,4000円,無,nan,nan,有、20000円、2年（例）※契約者や条件によっては、内容が変更になる場合があります。,無,nan,nan,nan,nan,2年,nan,nan,nan,ＲＣ,nan,nan,地上4階建,2階部分,2007[H19]年12月,居住中,相談　,都市ガス　 電気　 上水道　 下水道　 エアコン　 給湯　 トイレ　 バス・トイレ別　 シャワー　 温水洗浄便座　 ＣＡＴＶ　 ＢＳ端子　 ＣＳ　 カウンターキッチン　 シャンプードレッサー　 室内洗濯機置場　 フローリング　 エレベーター　 オートロック　 ＴＶモニタ付きインターホン　 駐輪場　 独立洗面脱衣所　 防犯カメラ　,nan,カウンターキッチンですので、料理しながらテレビや子供さんの様子も見ることが出来ます！スーパーやドラッグストアなど環境整っております！駐車場の空きについては要確認,専任媒介,nan,"
",早良
7.0,99307069,2022年12月06日,2022年12月20日,福岡市早良区次郎丸１丁目２１－３２  周辺mapを見る,ビルワーク次郎丸  101,福岡市七隈線次郎丸駅 徒歩8分 立屋敷バス停 徒歩5分 福岡市七隈線賀茂駅 徒歩6分 ,56.1㎡ / 約16.97坪,nan,3DK,洋6／洋6.2／和6／ＤＫ6, 南,nan,nan,nan,空有　6600円,nan,　,nan,nan,無,2ヶ月 / 14万円,nan,無,nan,無,2000円,無,nan,nan,有、22000円、2年（例）※契約者や条件によっては、内容が変更になる場合があります。,無,nan,nan,nan,nan,2年,nan,nan,nan,鉄骨造,nan,nan,地上2階建,1階部分,1999[H11]年7月,空家,相談　,都市ガス　 電気　 上水道　 シャワー　 ＢＳ端子　 洗面台　 シャンプードレッサー　 室内洗濯機置場　 ＴＶモニタ付きインターホン　 駐輪場　,南向き　,駐車場の空きについては要確認,専任媒介,nan,"
",早良
4.5,99259987,2022年12月05日,2022年12月19日,福岡市早良区百道２丁目１４番９号  mapを見る,セントラルビレッジ百道  2011,福岡市空港線藤崎駅 徒歩3分 駅までmap ,30.08㎡ / 約9.10坪,nan,1DK,ＤＫ5／洋7, 南西 5.64㎡,nan,nan,nan,空有　9000円,nan,　,nan,nan,1.8万円,1ヶ月 / 4.5万円,nan,無,nan,無,2000円,無,有,全保連株式会社　更新有50％。1年毎1万円。口座振替手数料330円,有、15000円、2年（例）※契約者や条件によっては、内容が変更になる場合があります。,無,鍵交換代（入居時）：1万4300円,nan,水道代（定額）：2300円 / 月町費：200円 / 月,nan,1年,nan,nan,nan,ＲＣ,nan,nan,地上5階建,2階部分,1988[S63]年2月,空家,相談　,エアコン　 トイレ　 バス・トイレ別　 収納スペース　 システムキッチン　 ＩＨクッキングヒーター　 室内洗濯機置場　 フローリング　 バルコニー　 エレベーター　 オートロック　 駐輪場　 オール電化　 タンク式電気給湯器　 インターネット使い放題　 防犯カメラ　 シューズボックス　,ペット不可　,オール電化・ＩＨ２口ヒーター付キッチン※敷地内駐車場空要確認（屋根付１００００円、屋根無９０００円）リモコン保証料１８０００円。　　※オール電化,専任媒介,nan,"
",早良
